Feature_1,Feature_2,Feature_3,Feature_4,Feature_5,Feature_6,Feature_7,Feature_8,Feature_9,Feature_10,Pattern
104.96714153011233,98.61735698828815,106.47688538100692,115.23029856408026,97.65846625276664,97.6586304305082,115.79212815507391,107.67434729152909,95.30525614065049,105.42560043585965,Pattern A
95.36582307187538,95.34270246429743,102.41962271566034,80.86719755342202,82.75082167486967,94.37712470759027,89.87168879665576,103.14247332595274,90.91975924478788,85.87696298664709,Pattern D
114.65648768921554,97.74223699513465,100.67528204687923,85.75251813786544,94.55617275474818,101.10922589709867,88.49006422577698,103.75698018345672,93.99361310081196,97.08306250206724,Pattern E
93.98293387770603,118.52278184508938,99.86502775262066,89.422890710441,108.22544912103189,87.79156350028978,102.08863595004756,80.40329876120225,86.71813951101569,101.96861235869123,Pattern D
107.3846657999541,101.7136828118997,98.8435171761176,96.98896304410711,85.21478009632573,92.80155791605291,95.39361229040213,110.57122226218915,103.43618289568461,82.36959844637266,Pattern C
103.24083969394795,96.14917719583684,93.23077999694041,106.11676288840867,110.30999522495951,109.31280119116198,91.60782476777362,96.90787624148786,103.31263431403563,109.75545127122359,Pattern E
95.2082576215471,98.14341023336183,88.93665025993971,88.0379337591933,108.12525822394198,113.56240028570824,99.27989878419666,110.03532897892023,103.61636025047635,93.54880245394875,Pattern D
103.61395605508415,115.38036566465969,99.64173960890048,115.64643655814007,73.80254895910255,108.21902504375224,100.87047068238171,97.00992649534132,100.91760776535503,80.12431085399108,Pattern C
97.80328112162488,103.57112571511746,114.77894044741517,94.81729781726352,91.91506397106812,94.98242956415463,109.15402117702074,103.28751109659684,94.70239796232961,105.13267433113356,Pattern D
100.9707754934804,109.68644990532889,92.97946906122648,96.72337853402232,96.07891846867842,85.36485051867882,102.96120277064576,102.6105527217989,100.05113456642461,97.65412866624852,Pattern D
85.84629257949585,95.79354677234642,96.57285483473231,91.9772273077838,98.3871428833399,104.04050856814538,118.8618590121053,101.74577812831839,102.57550390722764,99.25554084233833,Pattern E
80.81228784700959,99.73486124550783,100.60230209941027,124.63242112485287,98.07639035218878,103.01547342333612,99.65288230294756,88.31321962380468,111.4282281451502,107.51933032686775,Pattern C
107.91031947043047,90.9061254520526,114.02794310936099,85.98148937207719,105.8685709380027,121.90455625809979,90.09463674869312,94.33702270397228,100.99651365087641,94.965243458838,Pattern A
84.49336568933867,100.68562974806028,89.37696286273895,104.73592430635182,90.80575765766197,115.4993440501754,92.16746707663764,96.77938483794324,108.1351721736967,87.69135683566044,Pattern B
102.2745993460413,113.07142754282428,83.92516765438772,101.84633858532304,102.59882794248423,107.81822871777311,87.63049289121918,86.79543386915724,105.21941565616898,102.96984673233186,Pattern E
102.50492850345877,103.46448209496975,93.1997527842151,102.32253697161003,102.93072473298682,92.85648581973632,118.65774511144757,104.73832920911788,88.08696502797352,106.5655360863383,Pattern C
90.25318329772679,107.87084603742451,111.58595579007404,91.7931768164829,109.63376129244321,104.12780926936499,108.2206015999449,118.96792982653947,97.5461188399713,92.4626383564251,Pattern D
91.10485570374476,91.84189715034562,99.22898290585896,103.41151974816644,102.7669079933002,108.27183249036024,100.13001891877907,114.53534077157317,97.35343166762044,127.20169166589619,Pattern C
106.25667347765007,91.42842443583717,89.29107501938887,104.82472415243186,97.7653721467415,107.14000494092092,104.73237624573545,99.27171087343127,91.53206281931595,84.85152775314135,Pattern B
95.53485047932979,108.56398794323472,102.14093744130204,87.54261221288012,101.73180925851182,103.85317379728836,91.16142563798867,101.53725105945527,100.58208718446,88.57029702169376,Pattern B
103.57787360348283,105.60784526368235,110.83051243175277,110.53802052034902,86.22330632042909,90.62174960084877,105.1503526720866,105.1378595091221,105.15047686306048,138.52731490654722,Pattern A
105.70890510693167,111.35565640180599,109.54001763493203,106.51391251305797,96.84730755359655,107.58969220493267,92.27174785462428,97.63181393259991,95.14636452170896,100.81874139386322,Pattern A
123.14658566673509,81.32734807408252,106.86260190374513,83.87284128810349,95.28068134210567,110.88950596967366,100.64280019095463,89.22255222070694,92.84696290740033,106.79597748934675,Pattern B
92.69633368282864,102.16458589581976,100.45571839903813,93.48399652394183,121.43944089325325,106.33919022318011,79.74857413342393,101.86454314769428,93.38213535231613,108.52433334796224,Pattern E
92.07479261567299,98.85263558533102,105.04987278980457,108.65755194170121,87.99703592944223,96.65498764159051,95.25054688839043,93.46670767426288,117.65454240281096,104.04981710960955,Pattern E
87.39116045664954,109.17861947054776,121.22156197012633,110.32465260551147,84.80630034045987,95.15765927133748,112.66911149186623,92.92330534381219,104.43819428146229,107.74634053429337,Pattern D
90.73069528421917,99.404746439382,67.58732659930928,89.7561235866571,97.4743184860684,87.5221681803515,116.32411303931636,85.69858622039368,95.59955513303017,101.30740577286092,Pattern A
114.41273289066116,85.6413784882056,111.63163752154959,100.10233061019586,90.18491348952048,104.6210347426327,101.9905969557347,93.99783122841205,100.69802084990019,96.14686403138239,Pattern D
101.13517345251248,106.62130674521046,115.86016816145352,87.62184501173151,121.33033374656267,80.47912200477498,98.48214904964416,105.88317206484577,102.80991867735032,93.77300480179406,Pattern A
97.91877749642725,95.06999065341168,94.10635243055789,108.49602097021025,103.57015485965047,93.07090404739346,108.9959987543325,103.07299520876609,108.1286211883896,106.29628841923612,Pattern B
91.71004989077927,94.3981895980303,107.47293605123262,106.10370265433465,99.79098406035853,101.17327383308782,112.77664895788425,94.0842861116417,105.47097381170038,97.97807347566106,Pattern E
97.82318796772779,110.9877685198719,108.2541634898803,108.13509636000639,113.05478807154329,100.21003841632759,106.81952971294965,96.89733243406543,103.24166352488442,98.69856945632316,Pattern E
100.96995964992718,105.95157025436913,91.81779316766527,120.9238727568546,89.93982618500299,87.85811387212269,111.58110873500068,107.91662693962935,106.24119817052156,106.2834550926428,Pattern B
99.87753227153085,91.02745628514168,100.75804558193727,93.22838288487888,109.7511973341775,98.52942618497862,91.74502803207488,96.78614158347007,104.12931454275625,94.36275447196026,Pattern D
91.77779604433569,102.43687211491913,102.44966571108722,94.9305682462887,95.28961694381677,102.32049937357637,85.51915658502676,85.92536225623445,92.81555778747564,97.86552848288153,Pattern D
103.10907565598005,114.75356216949552,108.5765962320202,98.40061470036574,99.80983792097311,89.97470635362191,99.8148686400761,97.11341361079862,103.22718560338089,91.72769056447677,Pattern C
105.19346514241172,115.32738913002578,98.91239851543142,104.01711722098942,106.90143991711112,95.98779528114164,102.24092481810416,100.12592400781794,100.97676098548831,92.26990216144533,Pattern A
100.24510174258943,104.9799829124545,114.51143607795042,109.59270826085206,121.53182457511556,92.3265243711195,108.72320636720679,101.83342005738352,121.89802933217672,91.91701714644849,Pattern D
91.60278157819224,94.00607354555977,78.76104275690193,94.74244978319238,92.40867338446301,101.50393786476208,103.4175597577716,118.76170839215887,109.5042383818605,94.23096344337597,Pattern B
91.01585328651642,104.91919171506505,86.79766792979358,118.31458765854353,111.79440120721287,95.30824347895295,82.86865470909123,113.53872374165412,98.85460154747382,112.37816311973462,Pattern D
84.05572341205632,94.00624977046228,100.05243699718183,100.46980593764742,95.49934528520757,106.22849932347499,89.32379570617405,98.57620514978707,101.20295631711899,105.14438834058748,Pattern E
107.11614878088889,88.75357908162131,84.65885829264377,112.7767682189851,103.32314011979592,92.51513463443446,115.51151975522524,101.15674634292859,111.79297184063826,100.67518481410109,Pattern A
120.60747924881987,117.55340842443204,97.51035851520926,109.71570950954356,106.45375949585147,113.68631557532349,90.35076539419896,106.8605145999844,110.58424486849587,82.41260513576886,Pattern C
88.16741487334225,79.60767822239899,97.30593165555442,107.17542255795962,115.02357052096028,100.74094780419775,116.28615545571292,86.19898541785109,82.96617560644845,99.44452301103381,Pattern A
103.84065448939307,99.67305251905907,79.32557899960123,99.10879960487212,86.95530499495146,106.69672548830039,103.66598246096848,90.60120213672644,94.86133082663306,89.40786478111049,Pattern E
99.37320902726829,109.55142320501238,90.14273953664457,105.04046515517844,94.69742381627559,92.07127167737656,98.92969640045442,89.64757677580626,94.46350694652818,88.02122107411151,Pattern E
119.6472513291639,100.35263551971728,93.00274492007415,102.13979910734221,98.8767195030917,97.79030400466777,106.14166700043425,107.57507710047305,94.69498852389472,94.2418175935532,Pattern E
97.24948302848355,76.98078835264415,84.84808937801448,113.66874267444524,116.44967713501283,97.50963960443622,105.76556963055766,103.11250154543536,130.7888080845524,111.19574911434577,Pattern E
98.72082408519233,90.44459559399574,83.93553679742428,102.03463635867223,92.43649254715697,85.77746290402325,93.53427115757474,89.18451996385605,116.87141635072564,108.81639756949451,Pattern B
99.92027358683383,114.79944138890026,100.77368307647619,91.38715798671737,115.23124077269657,105.38910043684659,89.62753845673544,98.09661321916391,91.24381746615242,86.17200269035663,Pattern C
109.26177547531641,119.0941664047013,86.01432426180858,105.62969236690572,93.49357430878173,95.12874616235304,94.07606075761132,91.36009230320184,100.48521627944827,91.69049883588963,Pattern E
102.70456825779839,99.49761890550863,97.6105195313359,90.92436337958402,94.23228669431667,107.55391225825755,105.00917187624381,90.22444755201448,100.99332305429226,107.5138712337179,Pattern E
83.30594718878629,105.43360192379934,93.37376241054153,105.70598668593159,92.36740843457483,81.9511789933548,83.72457562116837,100.48084946661382,102.59722501721483,90.95683374895592,Pattern D
106.38592458777374,83.3847993773104,99.33920201352683,87.88983800237543,93.4816389219784,100.47398671316414,91.39586634716048,96.15444455770175,110.0629280921444,94.23108130476851,Pattern C
108.35692112065142,88.70293145342382,105.29804177915283,114.41568620657901,75.28355499872711,92.03104744529523,105.7707212718054,97.96954613957007,103.71145873371309,93.9601481328418,Pattern A
100.865897874729,98.44322764607921,111.67782061659807,102.54420843301213,103.37602662075201,95.88123033877532,95.12393775927507,95.6744181218038,103.94452142378297,95.79015519179737,Pattern C
102.89774856896413,120.75400798645438,108.71124703431693,96.73976467832159,112.01213922163944,95.91924626978448,79.61875464822145,89.91913689082595,81.29208078974145,96.48486515958692,Pattern C
100.18418379189552,116.76437312275283,103.26927373764163,97.80899471191135,108.2940558118349,77.88864690992115,102.35614558108566,107.70865193886966,85.21413754220158,111.43754043206928,Pattern C
103.38496407494414,95.84712086099199,106.32781866106285,122.70692857804396,101.81866255058495,102.48220586300336,95.40639100459757,91.50155630535208,108.30335816544246,91.43916174091133,Pattern E
100.71566237219392,95.22342553234883,104.78979825746391,103.33662105286949,110.375399442579,94.89983601145254,97.30125064706628,90.21236284217693,95.55706739923889,103.77300493044852,Pattern E
107.56988616645351,90.77834675822375,108.6960592010566,113.55637858804951,104.13434903223701,118.76795812558066,92.26210800896428,87.55345296688583,82.21279751095722,114.96044311489183,Pattern B
106.54365656354058,99.44415329089544,102.7996862631982,88.74510952701624,124.45751979616827,101.29221181975228,101.09394794604893,107.25766623898691,104.81009231736714,102.23884024279131,Pattern A
92.09525544554688,104.71468357135996,118.82024496475034,113.45420046154977,115.93186626639397,94.88784323568815,90.1039517974142,98.74213079900352,100.55724912288694,110.94191518470949,Pattern D
83.0753537028518,115.29550319460614,98.4199210142101,95.7311893005258,89.87895624739832,83.4514332813423,108.23170583961914,100.73317967188405,87.10039100258946,87.04921227936384,Pattern C
96.64215300709871,116.69021525289392,97.40408648636395,84.96857046881894,97.54256935914056,97.2727643025233,73.03113357058429,99.45705133482188,97.69065469791322,106.96206364813418,Pattern A
118.48956094945345,111.26565029547757,97.3111130944517,88.9347409125833,125.7335980324986,100.59218434014488,100.13929291912946,99.75874912889996,101.98084760767856,98.55639588076058,Pattern A
94.26337993119763,94.53141058759608,99.67246729784002,94.56575228866235,92.87154217322836,101.06430227691897,97.45022782579144,115.0399298858269,73.49030191606988,110.91506851922462,Pattern B
112.4608519249763,79.2660976759185,96.57312405919652,96.28559134004209,85.92488305282178,92.22183312409125,88.89424154534171,117.52270443423623,109.35678393147461,112.71555094994159,Pattern D
107.21672064043236,88.70948228782771,94.75479733720226,104.89374561227918,87.77872191108054,107.12998430172388,97.59674601841866,96.25179192450402,107.10959968203491,104.4426331148604,Pattern C
96.3903383418092,111.59329803364248,89.18936672400102,106.15935606944264,105.93101257968384,96.9045356068601,103.26133022242118,87.48886423614697,109.240270192069,98.15097863557011,Pattern D
94.7727697948096,110.49009225836889,92.9565630945724,85.91538703636441,84.43370826476097,106.0600995134564,87.19570647503717,117.54794181984364,79.18070592116278,116.96456368290038,Pattern B
102.11017467202619,99.03286888129608,94.5508091319105,103.9913611435207,99.62365297575151,111.03301882016521,101.1422764866204,101.50301761461877,96.36387787786144,99.43054376278933,Pattern E
103.0780176889206,82.89831607343375,86.51814577894287,107.43264094022715,101.70865438127942,98.1601666364732,100.18433933065393,103.47581705361671,94.60240319690638,92.21695274597687,Pattern A
101.95845255097682,90.21627222384969,104.08252755714472,82.9741639576216,110.29155637325644,104.72597482413043,102.56029734313876,109.82690983945514,116.65474444462576,110.1437006501813,Pattern C
81.59125768668355,87.20423033264298,93.75181422304321,100.26091050210833,105.17659020469122,92.74256186846534,101.86766764477078,92.44617067646678,93.88482197008052,85.93338903151778,Pattern E
90.76766753889096,86.48315394383667,90.24126747022667,110.5364179660784,90.50601111168056,126.32382064837391,104.93317900880889,101.84836123694873,91.41642219818786,107.00309879408991,Pattern B
94.24362173762226,101.22009814645361,125.60084538268795,99.03940100275351,111.49273326285676,92.96823574874112,99.65011509503039,117.7080063563551,93.73032942212232,118.12448557996929,Pattern D
107.07751935455475,94.37533224105732,106.3240773905552,109.7255444962673,106.21809962217196,84.29775280109544,92.72862824175131,97.52481364448495,99.25566570899954,106.20672097550678,Pattern A
101.77701000933254,86.64655641289899,103.80197851005963,106.10585745283824,105.5979044793104,110.80780725554622,108.33922154548904,104.59180079228437,99.29834288541353,83.39039066484008,Pattern C
104.29618219132585,102.07687687163111,102.71578837195374,87.2325142417969,89.18943459591738,110.53152853332904,99.60444846143345,106.81500697372624,100.28318376130461,100.29756139495746,Pattern E
109.38283805975998,94.83955271782627,100.96120776940984,95.37724711294958,95.65503772567685,96.90827876531361,102.22133771633713,95.21251378336522,112.55756125573521,91.05392697780496,Pattern E
98.13128355838641,95.60268941725825,114.46977884353733,101.96554776511574,110.31844539468635,85.14439626963028,102.67050265869258,108.89630795623437,100.82283989275425,110.65480375065351,Pattern A
94.82711549899628,114.0934744018558,122.9889812361925,96.37161439560342,95.54497478599228,114.533844771177,115.79572145730712,94.77139972846732,95.79813182904142,97.18215391139493,Pattern D
86.55549488965723,90.81348053515802,89.95859233247933,92.32202434895872,99.65315112613219,102.3421473253652,115.50500492814076,90.0164595926121,109.84322398476584,97.86011155774491,Pattern B
99.50536290347567,106.74819492166604,88.77277978437701,103.82409746184051,101.66452208213056,104.92451264008149,102.89168643907819,124.55300139910895,93.62260015748684,94.69003044998182,Pattern D
93.76859473575236,94.44522880839746,93.62612872693482,111.89016531107552,114.20504247989855,94.29253706250523,91.67644426895771,104.71415556386404,94.47776955719029,106.32931817755511,Pattern D
102.029230208513,84.84255885002769,115.47505201330061,117.95877673095522,93.87211309515614,96.12298440064016,102.85865390724905,103.34456789987026,106.5854427267283,120.1020453876635,Pattern D
98.2305277250595,92.01702755461547,86.20680771985472,92.69069960058081,99.66873027126204,117.94557863517788,94.82388700963828,102.23787951638899,99.83577103927247,111.88393273448084,Pattern A
125.26932425873622,94.6913122707968,95.10560557481777,110.44160877069072,106.81891489626311,118.46707325736034,105.83928185325964,96.40707909212941,105.9065483069231,111.08703580582907,Pattern A
108.20482181197364,105.07274031107298,110.66674689589154,111.69295590445672,113.82158991037527,106.48709887589642,98.32881919683146,101.46713686433323,112.06508966508358,91.83064329012764,Pattern B
103.68673308872901,96.0666118767264,100.28744822934817,112.78451862607298,101.91099068019903,100.46436548156149,86.40143859020081,107.46253566027221,106.45484181141076,121.6325472330546,Pattern D
96.92221765046999,102.1915032766394,102.49383683710755,115.77453279763475,99.04704467613048,102.7902152577034,106.0789650971654,101.86609123156359,95.53566385449471,101.94089992898307,Pattern A
110.73631749859771,89.73484700588939,101.32969674146877,92.99879185060827,111.95046628924842,84.76813095216225,94.41078152728412,103.7721187506452,115.65524029234341,99.34249738927012,Pattern B
94.44800473306802,118.8115706944059,85.51986099583756,78.01194043379918,104.40014450053333,94.97945775647389,89.78767182869287,107.08356447299353,102.43800713771199,94.35921369263272,Pattern B
87.19695601329106,108.72457328280144,106.50201177958661,99.00824136220618,118.46636996047665,89.29915233673847,84.74474829075261,93.08091930118755,99.54413983644503,102.43339449322691,Pattern D
97.5876394214367,103.52055396514297,87.48460575809555,114.4376460407326,99.17848821607431,111.17295831588127,103.42725346377703,104.56753219153784,105.69767280232205,104.47708560017315,Pattern C
106.42722759867544,113.29152530132431,101.9652116970147,107.09003757588512,99.10264305712774,114.40117215449473,93.2360769794073,118.00940432910815,99.59842049355656,85.69224897881952,Pattern D
101.2810441491079,93.1894834252512,108.40643548988724,93.4737602069761,95.5381656678522,81.10459269054469,95.47693680750923,75.76120673371044,84.16097176514276,107.60414656144297,Pattern C
107.85800158650832,104.25457561784965,90.33023856870787,99.5228864385802,99.96397460909432,88.41635310807457,115.0339830176715,108.77362290575671,97.79035826170336,100.26885838994531,Pattern B
102.08382807947552,79.58265131575709,97.52822617479403,93.18015752002202,89.98379990105084,97.18899707114045,117.97686526849523,106.4084286126701,94.28821010217203,105.72582781356158,Pattern A
113.99355436586002,109.24633682912769,100.59630369920174,93.53063222294426,106.9822331361359,103.9348538542175,108.95193220027733,106.35171801681969,110.49552715319335,94.64764788439432,Pattern E
113.17394065634326,101.975996046924,120.75260872625265,93.10812181910433,117.3596380316525,101.97910783462648,93.48581996385552,95.16114165945679,96.7965269180568,104.24165946401916,Pattern B
105.228354880355,94.26299996061421,99.75645407739017,121.42270358611864,117.27543170100711,104.36323669674032,100.380034781682,101.20031326718261,106.13517972730416,89.77207434801595,Pattern A
97.42623462576655,83.3141592612241,103.9922312260528,106.4719593970274,95.16813537700627,115.73986763290033,87.7423433699766,85.3562511979018,102.24451818559972,110.47098302612154,Pattern B
116.83927691457869,95.4111573713106,110.78680833431295,99.61491530499293,98.2737270005918,108.83659937486672,106.52322878413419,84.2360784301575,114.76540349725896,113.80091354147451,Pattern D
93.7443729849047,103.95803533437409,104.94030186282738,102.60673765823907,94.4969484615458,93.28376632061949,99.74445929008554,111.72729019259364,105.43600154594432,96.29385667913894,Pattern C
107.71698710648344,71.51457379369924,111.48765700372104,82.60286221221901,96.37559058596868,88.80330105373856,87.05318524279095,111.6082678737852,95.32298798688109,103.46503881730716,Pattern B
99.53079421120816,104.77040827223121,100.76821891060256,87.1700777581143,109.9626681944714,95.06243416838687,84.4341810134025,95.71884839034088,115.00759790634311,108.50221742113493,Pattern A
96.5134786559214,96.50742295681572,96.78364948782617,120.76747983560841,103.81935452231554,104.3004164719107,110.30283454031843,102.38789159026514,97.40957854179297,98.03650150915021,Pattern D
99.28398740585936,99.62777763490159,107.2762954363698,100.519458858073,107.3264007721558,99.19283419891417,100.7863519031609,80.01799315467892,109.16327674702481,103.46488475897992,Pattern E
109.98010109859652,71.03744621806311,120.88374704780728,98.60410371844826,111.08182816737516,89.60094072874469,106.12773905062569,89.46584436826343,93.76231039304194,119.14031353866787,Pattern D
98.09317599236654,102.17432873179723,108.70067730688754,104.95681887972604,101.50418905143576,103.64961002466225,124.03415585238275,99.42381202966415,102.01099046714967,110.50654396007612,Pattern C
111.05525932957984,111.8703030556038,106.38730222029184,88.56995087269516,116.33431532301096,88.53654606981311,103.02635465239034,92.45724149980641,99.35861653407008,103.2876241030348,Pattern D
103.21357215450273,104.21920754235285,116.13711269058646,104.5353430151398,97.55843364709351,109.64087168288357,111.89470488924641,87.72392184863007,105.97400069849859,107.01172742310898,Pattern E
97.02436496640009,113.75706813311619,98.49944412967473,101.25576453471542,98.26928175716131,100.15579047581467,89.03724913104799,85.59949117405705,115.94505063224972,91.53038651681672,Pattern A
90.08607650543692,78.46609886396286,93.61038252310497,86.76910206592501,116.4201516013637,110.09817089342634,93.11849654822277,122.52435805344308,109.81765486991594,96.75168616491378,Pattern B
75.00594285126427,122.90942572590743,86.10427533236404,83.54601253043108,110.2257043200964,124.39752406339272,113.84272818510519,105.6390912005236,105.94754341665286,108.53415558780307,Pattern C
107.58928589786765,102.81191423969376,101.04201103951875,99.37406872100478,92.46035411133323,97.19324923133226,83.07043185804615,99.0166037320525,90.11408892849083,88.96410682784229,Pattern E
101.79894151153478,113.920022863446,109.18316606002313,84.29499396376823,90.10371863429663,109.40771187988216,90.1751260646169,97.75366850002976,105.50052099024552,90.31655545136366,Pattern C
101.0537550614596,86.65974505081796,93.98632356048786,103.19781934142537,84.0700626646833,104.40474737960399,99.80362201073319,105.52489954417148,102.23914134064661,113.64140429973844,Pattern D
101.25224502647907,95.70594458874747,101.22297503032284,105.43298029036387,100.48860070325705,100.40591691203882,92.98008312193245,93.37099082449052,85.97394728200307,117.4957674318694,Pattern C
87.56136764608715,93.07094802204092,92.81592734430802,108.94924376944441,97.05050321707972,112.47742072673734,93.26509375756132,102.78994162223802,91.64652946740243,121.45149127773388,Pattern E
88.12401580970487,103.09820710227028,106.33776880932099,104.13799097451498,98.14712341122292,98.70179300266574,100.4381147197911,98.52997998371511,109.6387911679491,122.10523001591352,Pattern B
94.42508214992166,86.30197020420923,99.11717951648745,125.79709337654319,91.9632543203027,116.39116805444067,116.77700814076441,94.46411758292005,105.68983079185276,116.28396623128538,Pattern B
96.20872259012513,97.96419639897638,94.18319086051356,89.85243269307134,93.50722454933992,87.76059733237743,100.34083468259226,92.30026768941359,102.33785911790747,84.44104353796372,Pattern C
103.30880232214457,108.33528961608924,80.06264357428545,103.74056569847572,112.27668992473292,87.90358981308795,116.72572386837703,104.19019009366045,92.94988144241591,99.44230922342294,Pattern A
105.58326912521723,100.76005391412411,105.38755992446369,90.79326406920634,101.69360824036077,85.8628550309502,98.88773938651299,90.9609235853521,92.64470057410233,112.36093175210438,Pattern C
110.9131012059427,106.09138120907177,89.07687235327421,96.83591550305198,112.13097699979184,101.41716913639905,123.19329539981695,103.93317839394372,101.92049116490031,96.908835357975,Pattern D
101.33540904782282,98.47530163619456,107.0810867668859,109.56702316794585,92.14010539492051,86.68767046442221,81.63794626896703,105.07991326912544,88.96633393826127,78.47109407047517,Pattern B
103.88578604530964,124.9299951743279,99.93929088460106,108.38490774451643,100.81829358547564,99.01110346808858,109.19076482987768,97.09725455811349,102.67392314071903,103.21697806196013,Pattern B
93.31909546356951,109.92042349536523,98.25040243304592,92.44254840507155,105.36509843570404,91.01532018208962,100.28181157369129,99.90881003355797,110.85895565831578,104.74698232879953,Pattern B
99.74973041254856,108.17766299200287,113.90207549017313,105.57810306351863,100.10352619843381,86.8816376764984,89.34886336924627,96.94775295645333,93.90487797840717,98.13028697014553,Pattern A
100.56649924897107,105.2969275435673,99.29501221940909,104.86501643826202,100.6447441481012,80.24533433646128,90.60664606181246,98.55912444278384,87.90305257158893,105.99928729996205,Pattern A
115.30750832343698,112.18761851697317,97.86557129069791,114.90726136849952,101.48667457202112,96.62914028881961,93.8659733645906,96.97530313511872,96.11823181458772,101.70416222375488,Pattern E
101.60573981049865,100.03046020153414,104.3693816974635,111.90646274786342,109.49554135441323,85.15102031550097,74.46078865098045,109.34319911239274,86.33121301584579,97.75234598107316,Pattern C
88.2988697394064,81.98019562419981,105.41462728204787,107.59155160302647,94.2348959927328,74.0895770785509,94.53755551747517,103.91804005402547,85.21088431225871,101.83359919779156,Pattern C
99.84690150827005,105.79291499601088,101.19580368414154,90.26931059118445,111.96571501664491,98.4147042697303,99.72695460490068,90.66732040926804,95.5671774880849,91.15197285973099,Pattern D
98.27053940076577,117.11708480142343,86.28098857068643,83.86438602123259,114.71170327493608,97.90676322848134,93.30927261340084,110.39904687396077,93.94384460263136,118.26009713546937,Pattern B
106.7792587133927,95.12088591854297,121.57308213265503,93.94285076996661,107.42095372009307,102.99292580406492,113.01741289398798,115.61511196726853,100.32004149065767,92.46582129653817,Pattern A
104.59972142939117,93.22284630247894,120.13387247526623,101.36535331082737,96.34678448687892,101.84680305864909,86.52873710470304,90.28385961489349,112.00413907944426,93.43105721028604,Pattern D
89.53089017318061,105.36652752527286,111.85704154662997,107.18953310665067,109.96047685805816,92.43204911430539,85.78189333258156,115.01333651955487,96.77320161157864,97.49166983544953,Pattern D
113.28194141849058,105.5623000940066,104.55887772081607,121.65002344901083,93.56481769619857,109.27840128081237,100.57013124897084,102.68592278863257,115.28468426412532,105.07835756289624,Pattern A
105.38296079049633,110.72507337309803,96.35047270457115,91.60790332660994,89.55190805978967,80.33643410623998,120.56207129940321,88.96791634278317,97.78746376414227,97.2318670011108,Pattern C
103.07406697809101,108.15737212539297,108.60473488359746,94.16922561431062,98.32878286213588,102.825799504883,97.51308873816453,116.07345576019992,104.90974951638252,107.34877786049817,Pattern B
106.62881268667412,111.73473857485325,101.81021558703706,87.03168052044154,103.99687951752642,93.4864310620817,94.71383318250243,105.86364018755093,112.38283071433636,100.21271576736062,Pattern C
103.08833012598964,117.02214944635239,102.40753179488568,126.01683114180395,105.65509645631545,82.39237240844182,107.53341621104532,103.81158384882778,112.89752754082745,106.73181351269959,Pattern D
98.61544016016227,87.75701763710634,97.90976742713974,91.494795457907,94.19476550195277,105.88578404420609,116.69904504351406,103.9467152982298,88.04116937964815,104.4460266822014,Pattern B
111.96631486645651,93.90217095680617,98.65982833327082,100.14688194729197,92.1510168691776,106.4828043384386,98.79051851392218,104.19532443907028,91.125078221979,95.62541699676589,Pattern E
107.22381357827771,96.27166847908234,117.26963851233405,96.00363814385398,102.24684725751887,109.3259083187309,85.81634267066968,82.39191188019224,84.74343685429905,112.62584103427182,Pattern D
94.48141854107553,125.58199285668252,94.35752401342612,101.84551303197037,115.42109952567876,120.06092888159122,120.61503576636397,112.08366230593143,110.24062525811462,105.92526949201184,Pattern C
107.78361076166638,94.48814283671467,91.81801116577692,99.96625542589048,98.29815377475072,95.46771950672725,106.96387447456715,109.5530520857051,100.88406886291847,114.77530081055262,Pattern C
88.58310885866496,98.06340540720282,92.83177679397195,81.33463382926939,99.17319314157301,98.78252491616716,115.13449743242131,106.30811684554777,89.75813175670795,118.54092566334188,Pattern C
112.21033695525352,105.82097703468615,97.73515901150168,90.4056076327652,96.27793223928947,110.88748619704185,118.84586305934609,115.43243528272188,95.11150578213726,88.80382566710989,Pattern A
101.40886246911204,82.31560634437149,103.23167714184781,98.52397413701331,95.33963498131757,84.05296932733205,105.13600106569717,94.6729916033809,88.30083164289712,71.2773778671835,Pattern D
99.72485094949364,117.72251596669744,116.6125921454787,95.42903743413729,93.97787939638219,104.68774256075024,90.01614560811709,103.01791899819466,107.6608027838469,112.26933223884308,Pattern B
98.99845923520047,97.96326249823034,91.2201741324344,91.73119645960139,97.73521108098473,103.67365506816178,109.13584626233249,91.96821049319655,114.92688568959522,97.2887639895743,Pattern C
99.78632705651565,92.52788320852177,75.75759739727059,108.8404539636105,107.36843897092433,97.18672442881787,100.66990717224871,105.159392177041,84.37454143113457,94.70947322653706,Pattern C
107.94264679621827,87.45710576830751,102.9355793216663,86.43418195376594,104.66429982433526,99.64358517702516,83.8486818409449,111.64739354457171,92.65408423201951,91.89747562985619,Pattern A
102.00569197230944,111.48637349428715,89.84178181021603,100.61679849847971,104.28816500330574,106.93105607263143,101.76441555277225,96.32972160916678,91.7240977935128,100.86143883046375,Pattern B
89.27860988014393,70.78649516505394,104.36559804157667,109.03934841086195,76.37067564458161,89.90269295290062,106.19154261005198,120.574954697117,100.20793707675408,92.71997058770866,Pattern D
98.1710355889516,113.74876419148185,93.54035820875464,92.00807993349747,95.17256477817968,90.46671391741287,101.22670315994796,116.2467845846956,103.23079273116029,97.47646497873713,Pattern E
97.08188731084456,84.36809191303342,108.83109777147159,99.22162802987198,98.19520086409375,131.93107567844862,102.98752908365687,92.48208949904816,95.73642403794457,111.48445709196756,Pattern A
101.13270410537764,85.61722021682633,109.19228934575203,93.31855914461006,118.73297776217545,110.80048065714648,95.52678104341248,112.81016361735112,100.67855510527403,108.52773675122219,Pattern D
104.84732817294474,91.53643345009127,93.56450167682539,110.29960817581161,96.65224667893459,95.96351536758003,90.44877420650647,104.23599065593461,120.62524919243145,89.32467085745728,Pattern E
100.24219456672758,114.12220555415429,99.20358608754285,104.52371796249734,89.37606471853121,104.28307097207649,98.12855734995452,109.85729995679863,111.87386051564751,125.89563642018614,Pattern C
105.79633173213576,103.25796316582166,101.94384301577335,96.46833707189312,103.38483843461691,97.0459858986097,101.68460976269614,113.17597535607959,89.9345743472036,111.39878561129045,Pattern C
113.17115067339866,98.81931473008922,78.78145100991405,93.92178012905568,112.96994546561109,99.77131937701118,90.0069776770509,94.95225078771783,108.40620026504553,105.4673356820138,Pattern B
97.61067900830305,96.33175588185313,96.08241850956178,90.77589815501497,116.15375689469442,96.7767953078866,112.17158520825497,115.21316051922452,109.9831089814796,95.68379687281951,Pattern E
104.03730090336609,99.75804393609084,90.96298139269872,103.24359281721603,88.20960208840198,111.87679388461564,95.35382702701607,102.0115965587284,102.83287871546142,97.41095026295923,Pattern C
105.86693801475275,95.25096343377476,108.71297297457244,86.54020319753252,101.26379579546412,119.38928999058285,89.99668675394426,93.22255029475149,105.13907849658915,101.79581781939598,Pattern C
103.50630099273559,104.89187130147664,106.3472146856177,111.09699841956223,104.09818656928513,97.58742345381458,106.72573701202731,118.99881934895215,98.67366253617426,90.25470695329358,Pattern B
111.07080669286972,98.79618836046401,78.27330453985964,108.47421677150422,94.64671814046078,99.0946671769584,103.31980330569014,101.90499679779066,107.09451817139039,95.64513629430157,Pattern D
105.13105798176083,97.40453322416083,107.38810480887503,106.15367484013053,90.64561297955404,110.85982116175032,94.64036554885952,108.08057798281145,103.6728731340134,118.38183676795123,Pattern C
97.76534017628148,96.50683203881802,99.80580394112268,96.96820217165724,107.9994190194205,83.83689391563412,89.46317580853646,89.32197078420808,109.50307591973575,117.10613372581925,Pattern A
98.95550781462528,98.31178276809989,100.70052163113182,111.6187830260819,90.72646865809426,102.38368982734785,109.7519762978243,105.01094169939846,101.89581616598744,110.01046092567141,Pattern A
72.96767707000762,106.77875319530908,93.45924316872576,81.69367103143543,105.11202599524981,113.73658545162958,98.62551485372308,109.52874547202939,116.12278257988646,113.14914453584048,Pattern D
116.39964529371393,107.42127491071892,100.75433638901593,83.98034188102832,97.53937511870052,91.56753404683808,121.70942717497815,98.24114187567663,101.23204806784486,105.51485376040468,Pattern E
100.43602446372454,116.95051040430752,93.77350638265548,101.94607455237242,92.57529414301952,86.79977488779295,93.88230909094715,99.62963202951588,95.7069777548274,93.07579020126144,Pattern B
85.93682536328166,99.16894427371305,84.95279625968998,107.60055963689602,100.82439752934503,85.42448500535069,96.90790922950137,92.47843594409417,103.19174510419181,113.40450446023145,Pattern A
81.24827530354256,101.15026079147417,98.3986720443336,106.71340076450466,102.1319662823769,92.48030668261181,96.80946064333382,92.03974143196511,110.76007138598598,100.21311648671943,Pattern A
119.01190685753008,99.39339186185379,92.91593233089537,84.86285607387173,81.96860323744055,84.1586405699451,102.67126651011483,105.08725023229934,84.18809297967867,108.95038314076115,Pattern D
95.1693894831656,101.4679301198555,116.12220628255425,108.96839315865532,97.31469352094167,91.08807774584713,78.48184598670696,92.8084668075758,97.88869761172306,90.12820472848816,Pattern E
98.68743032907695,100.76851882958768,97.75144018191921,93.4999741917654,101.68654671966728,104.41940649569409,89.09600922557154,114.10932379746271,99.01411867715738,100.18849622944848,Pattern E
107.08214423256557,102.33216131263502,109.53136633913245,102.87124165201824,93.87562625359563,103.61503525206102,88.56273792679337,101.08559705776523,99.6677000935554,97.9188314272746,Pattern D
98.71462488561069,81.1815095450236,94.51275092259039,100.92844901141115,101.598563919974,89.72324859074041,112.65707840864701,91.33825151785499,109.69457200526736,104.27194361871685,Pattern A
93.53772690156197,117.75310892609512,88.0636316824352,109.19154173610002,110.00582318042979,93.29379790923355,113.92465300064329,97.49953485401048,102.88693629279857,102.6032183877122,Pattern B
98.65691258529452,108.10808273159782,107.93488720552213,82.51468026761819,113.04340242878152,83.37508011964326,110.32546204341658,111.26705136827583,89.09033569784802,95.89185712045415,Pattern A
88.94295331514064,97.85078969711265,96.91965715814258,107.7966053226934,113.10308746119608,113.95683810789956,94.37831973421697,97.90778126255472,83.1656180777905,91.94129933503811,Pattern E
109.64851633097457,116.15582823548232,87.65651128120078,94.07535740847106,99.73594243041073,102.80161158819607,91.90396480078354,104.2406104446409,95.26160652929084,99.85547729121721,Pattern A
105.462842480037,100.06422269810938,95.63614109473431,98.90390196074169,99.11637040794665,96.29988970117873,97.41203937332898,115.98647170504717,105.6091944794124,97.0451968197084,Pattern B
106.96954404510736,96.6618051024399,111.73124637586642,103.69642192198094,98.92697855995772,104.47716925810278,84.29123847931501,88.73232531090194,88.06074993600944,101.42943094763707,Pattern C
117.32514999485092,122.31300146192632,106.38051101440757,105.00844474944456,81.9894226584726,94.57326200265979,92.12216248091761,93.79152401748884,98.3185618141521,95.27909422302872,Pattern A
80.20700189624212,107.47910256117534,89.27256974260193,102.39246864111149,120.74082669749973,90.80615408413577,74.69712477253671,97.13995778119889,111.00959634998571,119.58347454220593,Pattern D
87.70450405547584,104.96699223236521,95.34689543219946,98.94051645695865,126.44343347017035,84.97029671604847,102.53739661494573,104.67693171765433,110.85786324939347,100.97983153470895,Pattern C
103.08050539504103,96.08351432578209,102.69126941245108,96.56807724502589,106.21571889856051,96.30389663956366,103.77100393902187,99.70737186315021,111.26050250772168,99.48606276411513,Pattern D
82.26967531793119,112.61921500713991,90.94267699137382,93.46233661351181,94.04338705956508,113.74438093170818,78.64325786021304,131.37748533659993,110.56056809066052,102.23238914129159,Pattern D
99.45105999383713,102.85554074857657,105.21122428379338,106.45215585950056,105.55604466003449,100.8958068125525,98.02661579692673,98.48726716346488,98.0509171964732,111.33770096867065,Pattern D
105.93556722280861,70.5961136533572,106.55900776529761,101.94736194718774,99.81291243554102,96.11481546911114,111.24112719986013,109.47526462122858,92.27122332176391,104.07052287124534,Pattern A
90.28343265458714,86.20381835211069,93.73282775410036,108.62393472382759,109.53125045376086,105.13085420097293,107.25095786847997,105.16178287114958,93.58518404777048,104.31922544673941,Pattern E
108.00409525227683,107.54291329813574,111.88913371474644,107.08303847201064,103.51448207541583,110.70150238316427,99.7347874075094,91.18125348772283,98.36933036056236,92.55097355193551,Pattern C
93.24821725025619,98.55481329284483,92.07580079000039,96.9203847036096,81.06385333046214,102.13293707372938,100.01205475362224,91.82911368931809,106.59245668432405,109.37570137626558,Pattern B
83.92440135631026,92.37275221433785,92.30857650212701,90.60096898891135,108.29474841931749,98.06173861227197,97.35485158689389,79.96137635593246,106.35418030209226,87.60741605146528,Pattern E
100.59932630266329,102.77376937958192,113.60658595838652,86.91179600880888,69.80487844179174,101.83849544753694,118.00511181510853,112.38946352939438,102.09659415274626,95.08363814367952,Pattern A
108.0712259663731,90.26453800295532,104.7635776935622,105.05470159166627,110.6020990749888,127.59660038911078,103.92415967178766,94.91036374292501,99.74425687808005,82.30924095110882,Pattern D
93.05286868910942,95.90717561886896,94.75911602065408,101.52354872033722,91.775800676178,111.21030667324472,100.00207064918197,99.90699678861385,96.72105283487082,101.55190683858979,Pattern B
108.25098264667635,91.32869784289099,93.41883510924744,96.96273971223336,86.54129076526785,91.80742140278502,95.23779126455341,108.74389180712727,102.62561329001925,101.93589911367545,Pattern C
108.50897962167971,98.62628211600604,103.9046484992889,98.96778247067503,102.65362349399628,94.17241342388418,75.61182841723571,98.65720837813696,114.2274813609994,109.26215402241593,Pattern E
109.6539748459117,112.36130721806218,100.88657590961438,101.97315707405596,93.8234810456565,96.8392714397295,106.15771149771142,112.03884437168816,98.60553724319,95.49810735148588,Pattern E
100.00527958856597,106.01206748929116,85.56145183866458,77.03819046862762,94.49463150508416,87.79287574085842,94.9185980235269,98.52219681182528,95.46751590976987,114.52467534470745,Pattern B
103.2674476460232,103.00474359610828,106.22207144043402,88.61166882219231,110.39111787420269,99.2423571346454,106.70480617241212,89.28142766959844,84.46241233983936,108.17889658025028,Pattern A
103.76409526097517,90.9794844564249,91.30336918725305,111.2543478441477,88.10588107132672,116.42672953255963,90.99379265352131,106.38391925608383,96.71381524251015,106.03187431082343,Pattern C
94.55885997885807,98.37207093927705,100.40919175395722,89.97812544218527,107.40824345420125,94.86786433528415,97.71400084659982,90.05650625391488,74.3766634120469,98.08972237399831,Pattern B
124.12615421612915,107.84604287898024,99.80739620265605,97.37109170791733,100.22465892812046,105.4711911517521,88.19187184691155,111.14321694668872,107.15381315441245,107.18185725707934,Pattern D
104.38475738809727,100.1961665769399,106.7286123596682,105.91814133741379,96.45959289058976,94.26398227103098,101.01856295261987,115.49020151495188,87.60892924346099,85.3247473424756,Pattern C
101.64760841236517,100.50887701856018,101.73341664370409,102.439531979085,97.76797745365195,114.89863438602082,83.99096021523485,91.71502975219754,98.96745239850952,83.56811188845833,Pattern E
98.24145595567929,116.61470165728018,100.20886488295962,102.30700905718683,87.3983523482742,93.83638591960522,96.24803619676064,96.82284903243766,112.81643795003768,105.57691060725125,Pattern B
88.88542043062968,102.46504778432005,104.98221748496785,111.40149038521267,115.80540686568374,89.84905808172131,91.89142488789662,87.42422141085383,97.65980140893019,104.66358374446335,Pattern E
109.87334516589102,99.24048976357477,96.80152476745155,101.5175799224874,91.64857098369977,120.89538721694774,83.92338972881942,101.84740578895725,120.2360621922964,100.06799844559998,Pattern E
98.09960964998506,96.42554577189573,98.19608318237592,113.7284847467653,77.88138088670493,115.33433701296326,85.76042847549854,97.33347670765585,95.70755579701338,105.88553269770719,Pattern E
84.01875648116253,104.62172666081943,120.24309623286852,86.3682599540719,101.89706167610396,93.3801782220339,104.25887206193036,100.19147777415752,93.58513090955691,104.87872284871074,Pattern A
118.04348109786743,98.09096208272702,107.19757942148182,87.06727042128836,90.43563623181991,104.72406277880377,114.84116028535965,103.5561334878566,96.86941969476845,99.99291405423354,Pattern E
87.49592266030282,106.04515326355367,108.82333062323409,95.4790966716692,95.29957852240499,102.65878229652049,95.63280263959405,99.33867385374178,120.99721789166516,97.52974299254004,Pattern D
96.41659847978778,93.52458194364841,107.44191971499937,98.18775826781896,93.50626961678574,113.21304032273012,114.19603004513637,93.99576434261294,81.33460048639384,110.07513689836922,Pattern D
93.15370174239996,107.90625599162769,80.29896182288164,108.92597338299309,87.8882807071922,107.30764119066525,100.14273067836434,90.46060580603356,95.9296368707322,106.86318456956701,Pattern C
101.05894453115235,105.84412980472484,119.76440584515485,84.35758388288949,116.17212574968624,101.04355937523214,91.01215951676872,86.6968637426101,98.10879609222967,109.2165011192446,Pattern E
98.72450879622465,115.11154930247348,85.48824309948441,99.87911052153946,87.47606555586881,103.63631882624968,108.868873900973,95.79238206318946,73.95786143372865,101.98948146796495,Pattern E
104.3673855173351,104.04294754961698,112.35782191822155,89.28946320350951,106.8021610545045,111.92507512477975,82.21412415993484,103.19651825918977,94.95820168992329,99.18477326898355,Pattern B
103.47676483538336,95.12771435886448,93.24291920838388,100.34152417488025,89.12754061137197,89.14174871114815,106.79373282956503,88.51205964841344,106.66312500909211,104.6259129285395,Pattern A
82.74193271209404,93.22435347664344,111.94109403047372,90.18834468860318,95.35595737690612,104.62060893251896,107.83390509282596,97.48461113955504,94.02489805308359,114.22369861698508,Pattern C
117.3889966379758,109.78858050781795,100.85318142565023,91.91734278359074,91.69555593443435,105.22514105265758,104.18398220888683,114.01598592946429,106.50450092536138,84.96919698240183,Pattern E
110.51947617722918,90.01939372685587,96.16028728047648,102.50200206251695,119.95667489783965,131.0991855600536,106.06723059136183,98.16803381279612,105.3450564848055,108.87655425873837,Pattern B
96.79332374442808,117.95211355912322,102.30070759191402,104.97743089091394,106.65924252054461,104.21586610614456,108.38940500469613,93.82746813453076,94.4169824605397,88.99845767028305,Pattern A
104.39501230620226,107.78936503512114,104.57772866151886,116.74492433347538,99.94403981170953,106.68741655592513,89.08299123860685,96.12900297525599,106.95537757565778,108.49102110743144,Pattern C
97.06033052335818,99.28400748141934,84.82126253319191,96.42970799193391,108.90383163519786,105.75205016106567,105.00665721381209,100.49773687180961,100.07063158628176,93.39678860526553,Pattern C
106.98828420202534,104.20972944389389,104.92018847992799,94.7396515733242,78.46657080128756,110.97152711753695,95.21162543991596,91.37224235956879,106.93478911913994,96.07987360080871,Pattern E
110.59936384046622,106.17005949576698,106.83569323200477,86.34044288799466,112.11943985386401,102.61250531233856,96.30722860753797,101.43388467342251,82.2376476710168,104.08652811480671,Pattern C
89.70628491817928,86.47329714156466,84.7764081378211,111.12688374989925,93.70736606307212,115.337277099165,94.64198536947703,82.92642042407053,88.8347556005134,112.35811620006939,Pattern B
98.44101822063332,94.51712703509399,101.60018225852788,105.01782736167544,111.1739881590246,114.48499229892926,96.40231354210914,86.73952313917962,95.86534838876725,102.60280506582886,Pattern C
90.3624107378939,90.42849085104957,103.43787881549885,99.5134764842955,100.32796995411587,92.41504665299931,97.69599285794233,90.75766855731696,108.90198411124787,110.35249334723753,Pattern D
81.53812137761906,90.7048913980759,85.03470744909922,93.49976065593101,99.16562030209639,85.5035478030147,90.78140186874687,89.96042627918501,102.07267329398944,100.6934433703625,Pattern B
92.78262446662747,101.76820872139398,94.53319915412735,97.28344889673947,116.73452090298537,113.40461051790348,87.00418763072402,108.29732417879174,108.11396554491591,88.51736711247382,Pattern A
108.1877764375486,115.37931918412554,88.77455193755586,90.82497178985736,110.17661466843502,102.71495310825648,105.51476275239523,103.40589216400497,103.90695920928144,86.73527871688917,Pattern A
110.47317706621448,111.69589992427774,97.70609255931973,99.56523050186138,84.68892497444278,105.14254756017834,105.72057441714144,99.37808983000689,111.24353359870503,96.6592276902006,Pattern E
105.646059258936,89.80335661307885,99.76447849125762,98.25645742097164,102.25307922040942,96.30473071166641,98.68527404328333,108.26047171441506,95.63235762761782,83.93422899261321,Pattern E
117.4958390420542,113.81454078690487,87.07737304894381,106.89707805245195,94.97025229448657,102.6348721533106,102.94224129013493,97.65592199683678,92.16234334413603,93.0945894768374,Pattern D
90.83808084518758,91.68177791769556,99.32821709950645,92.84240010889248,106.8205206571262,114.87246155335927,94.19946758629958,102.39404500535377,104.99685110302934,104.72002270919275,Pattern A
100.75955267916088,107.42682418359722,104.82248952680658,87.62337577672702,108.69156064389273,108.87290837266742,92.36713895821418,100.37937835447602,106.83328992811069,97.90686180420639,Pattern A
110.72978047766011,123.6387249461936,92.14013967365018,86.18955396846225,103.03818595604876,107.21562505126144,97.69133626155231,114.53260663321035,86.61394200276752,106.9291862303161,Pattern A
93.94139179241107,117.19377906207296,119.92515353168119,92.33343412216652,94.5044286409142,108.59587886979801,96.12869350210485,99.54588782067762,100.2538842054241,80.80326843802344,Pattern A
99.86162253905762,93.10272225935826,95.06877177600228,114.43632003468814,87.43493105720744,108.13205186747977,97.21037069668192,97.20239831504166,107.90371896051711,103.4005129456889,Pattern C
105.70612997219531,109.68184660532862,96.68691616816677,93.8776326549225,89.14849473442202,91.74589470021044,129.49094425308726,112.44679580736786,86.48925633791978,86.7754204325643,Pattern B
104.81866061718492,105.47264797377967,105.48883835317365,97.45044206446302,98.745457399971,103.27879524159357,100.85893006293331,77.80699627252466,97.70200369424806,91.48593565739687,Pattern B
101.75211418908512,129.8525900260341,103.67481665474304,96.86470313827603,109.21801501977252,104.82687887209212,104.20094490451841,106.06850593215671,120.56543564829542,88.69111564674084,Pattern D
104.73632076811454,90.73618870018461,105.55512646342248,90.81313488513905,95.82633186394915,97.04910085762094,109.7581671934471,109.18454443942414,87.54282623553615,100.5493411099985,Pattern C
92.90420145250827,87.41495089324665,97.8298294957563,96.9151721154418,124.26716486345522,104.32959825360696,86.22382499245762,94.35225995829057,110.21383295429399,120.88442772869925,Pattern A
84.14016687762042,81.20075614860954,118.70965175371782,103.89614177370903,91.31707268123634,105.34629086122435,73.64252260983122,100.0337550659716,103.27821172843085,109.2427013953783,Pattern A
89.86104047707462,100.8568716140336,90.74575373940412,102.55383755674318,91.04653677636976,95.91899160839779,90.04184605209771,106.51136241823657,108.58451116656666,97.65379430042586,Pattern E
100.38237994960028,85.51408585366455,97.00323351993212,99.49795382958256,126.20793091029975,88.88032974225837,114.64177238752437,109.96858773465809,102.80636404490136,117.58620484195134,Pattern E
103.72105472606863,103.89159195667929,99.46879346982455,112.23568882418627,110.96469233810883,93.74322712503788,86.80752805401232,97.97019362604343,91.99961435602353,99.36475425384644,Pattern D
112.37438134684139,95.4269834491321,99.57176618688425,100.58022734808395,108.48430882205284,77.53110666015395,93.93299705234703,102.11283692279473,112.00078956426862,95.08097552493795,Pattern A
81.23447293958125,106.19711445966136,93.6463761117437,88.1033334090964,93.75654610286776,98.15474642344151,93.95255335461788,77.9443394290093,108.97066196887133,112.74875041278722,Pattern D
106.51521991339506,88.62314329575183,97.98508466052482,99.93478684770542,105.9879438956191,106.68340488718081,92.65826201221505,100.8199555641356,104.57280404615241,114.55822322146767,Pattern C
107.04506539824723,107.89056687375519,100.8382662792936,114.10459145203504,104.09762795959497,91.3891208982643,114.0336997012519,106.97903272539028,95.56955978871518,95.20507032600757,Pattern B
102.96575545140762,104.63184795267584,101.97292265631206,103.11308673442885,116.9995737457638,110.71543152234887,101.90635591265024,109.41310580767484,89.67476096472461,103.97927049946809,Pattern A
118.0930634973311,97.81954104607627,91.52366071380915,93.4791111140694,89.10366962657612,92.15238091872297,96.2949190140997,85.94432980821358,100.15618333949602,109.02277173786648,Pattern C
90.9224381985308,115.19283923641768,105.10792088527595,110.30580585624057,93.42165446147862,108.54525227066615,89.08066099604687,108.90247500836509,101.71839339793532,105.53251219984784,Pattern A
88.24405394375148,91.04930157723395,105.97228218253385,90.51651995775799,104.63206292099123,86.32862193539754,108.48174212666669,87.67476685231492,105.52299937679523,106.25630933646,Pattern E
93.03228181570425,105.82026567084726,102.60442263333556,94.61158143807262,89.91445315923792,80.3737430832742,103.49650047299694,84.35197228637945,100.95344199441308,97.36551783917751,Pattern D
106.79142775438196,96.97954500510136,96.70552213652908,107.31870704288295,103.35058029084118,103.16155957182778,104.69267589808527,84.64427876792894,107.56788679986983,106.12468794013603,Pattern E
89.83316871423503,97.55919526325799,99.6069271237237,98.65503215598267,103.33859966568535,114.31366781831184,110.81766727672829,86.87780806568594,106.22069990306049,113.28933319535409,Pattern B
103.86808520689203,110.90980425185967,120.12270445700764,110.23709546106981,102.49308595641729,110.45088474084753,101.44887833096891,100.23903043284956,96.48585764286267,115.63413358832108,Pattern E
91.81571334057999,115.32367724678116,104.99864123740372,86.00693825198059,103.67649292991422,78.99973492348376,106.25508016831036,108.8523148298899,94.07644044347947,101.23547695955583,Pattern A
119.54157433750287,94.94253295738064,89.410924129434,114.81663402462598,119.62587190530795,100.03695671847848,110.11463035408356,113.41475915530881,92.57515767461616,95.14694164632132,Pattern E
112.30874513154735,116.85014278708509,105.62880860174354,91.20185646497946,119.87061111699441,94.69029102188036,96.64862218828549,103.42337834489622,115.54160420714774,108.53975976552223,Pattern A
104.1486550036191,104.63288530118106,100.43514668643466,105.58139514518507,74.70439922305697,97.03392540930201,102.4132193491678,88.48985916380494,103.86323317811559,97.95528779013878,Pattern B
117.5547569831549,115.73019725214857,95.34194430881837,98.49162288433304,99.26052434391607,95.48340523840378,101.95024984028127,92.4171793111241,88.69384665062474,106.22711223900268,Pattern E
106.29529584221811,91.95684240340007,108.95355430762599,93.68422270834668,102.53165238037981,108.20344012612456,99.66387435296286,104.54740912141135,94.83570356112428,98.03533416571902,Pattern D
97.9414056911966,92.53421653459762,98.23225836884218,84.51381701136253,95.08846252857896,97.15124506630329,97.4382024750462,97.58502554129221,99.38235800139871,104.79441518086064,Pattern D
108.74517074132523,93.50234773151733,87.96799144610856,89.57955587756896,95.12797078805073,96.48078682183491,92.30003933802543,87.03883335750106,95.43879172525811,101.81426620113972,Pattern D
105.95029465835565,94.42576946891678,95.87002177856566,90.73301691152689,99.68560829625224,91.51571365809185,105.731278132412,82.14133508065889,96.40370327547538,103.01107339191742,Pattern E
101.83834516322504,126.93033663980496,103.49800024567908,89.9594540315799,99.04535752910927,82.23753666533548,99.1940025070324,91.66943942999241,109.15390275560162,94.50459725404465,Pattern E
98.83234084204753,93.64442158595597,117.38851351853332,96.78757233882088,118.32557043479201,108.14151762118266,104.82066727335386,103.68733147317519,103.93797298216252,80.72327420654389,Pattern E
97.21116605849244,108.45157971184321,99.51102816525895,85.94810153196426,99.4759554942253,117.04105516255491,112.4689171553472,99.37995990633968,109.51449277058086,96.33492979631949,Pattern A
82.96128413173281,90.75534011870445,115.62888768508198,97.26006918170695,97.56616020624982,97.00161803725119,119.04136589573007,116.25958915362062,122.18780233448135,98.40954789599948,Pattern B
102.95624488747094,84.83357450579209,114.76934426118274,88.32220448732065,102.16775563762629,89.02697472367156,94.11133173261304,91.627375689503,93.92124739324183,94.60877296851021,Pattern D
94.51731205074923,108.33333911780306,88.9513720693748,102.20541427013868,112.17959152305559,94.86803635486604,92.82081109252398,97.69475374819748,111.7972520836071,101.94107630953357,Pattern A
94.68785705392402,104.8387665118804,88.97707850163576,106.81359510442948,104.08607307701767,96.92191528861116,91.61414201552769,91.13319077716542,105.3481733634591,112.28980502489063,Pattern D
93.62692252971205,104.58386703551484,79.12972981397931,94.153822693428,99.68941067129099,90.90316583018166,90.63493625210404,93.32220443531114,102.92192728326373,98.12670981593625,Pattern A
77.61768766675027,78.79299847364933,93.93134822142825,104.57686586053552,72.52495157274765,95.00269823848369,94.7375214348258,113.88337778208448,96.14978188287137,103.82988984740929,Pattern E
101.41257140087463,78.694335201928,107.68207216631737,102.15396505456287,105.0826863967459,139.26237706436325,79.15887060501412,117.24696649761108,97.12552480599645,102.87328904403009,Pattern D
99.54487754698758,95.75763666601956,94.30167071761241,103.29508735573009,84.8282630332832,107.50579167521765,95.83805595114745,88.69930660959642,95.49987142004187,112.57149216862572,Pattern E
94.64664912983777,103.5845361820962,92.69043724284526,107.57921849923619,106.85507738790204,118.48608833296412,98.24436054500785,106.68654804757907,100.98067539538944,112.95871781863015,Pattern D
92.81167612391269,107.45005312877281,98.05302703883318,99.35811822891502,100.91752484448372,102.52240396426677,98.83770956878041,102.14713183170527,115.78118057562185,109.85449685615218,Pattern C
108.69154592496896,95.44460473976129,91.10759171771676,109.55300558237752,108.76046792529795,114.72670675750982,93.9601937403077,97.70451344639653,83.60515837474566,96.07528893939127,Pattern A
109.96570510579447,95.33504620771802,106.40479795200824,98.09496894002189,103.2405702822156,88.52308610184332,100.852094496339,70.08864029099277,98.13103841838016,83.6952675628486,Pattern C
112.05994516546816,107.77407352764511,104.66670981966081,115.2100622715938,90.51083479175162,117.47363197915558,109.32191564260384,97.63444712781055,111.35620147182944,88.93706487588366,Pattern A
91.75485838472326,93.914102767603,94.71022291935985,89.43442357239748,112.23083067095325,97.41145599630168,103.5250496835688,94.2964863358632,81.79396699451483,102.70057358391422,Pattern B
80.87745024580224,99.31365953914532,86.3168496116719,119.87275999230808,109.11362722174722,101.0575379127148,112.63706677654669,91.53684022534264,105.43479378670094,101.99810433718713,Pattern D
102.6402008133367,112.72353500106767,107.32492102779803,102.88723662825024,83.45112563771704,90.39953704720537,98.77291066404275,100.93372374276652,88.69796275326075,124.11676675578421,Pattern B
115.16394055253573,106.02118320392483,100.72036861283745,97.87791030098849,90.48081539977764,100.77480518518863,102.57752540142751,87.58239424518376,103.34176417244898,98.44740951175251,Pattern B
80.9219244212261,91.39614989220499,95.86394466578356,118.8768765734019,105.56553124533758,86.64518430900108,104.86036289417638,84.52696011061634,110.82691053887073,95.28875348182122,Pattern A
99.06363811260829,113.2579664754219,87.1283643141575,86.02881814887009,94.16400673653995,110.38378851019317,84.80653924523158,71.67844401889431,95.48841141591001,105.51740799910921,Pattern C
112.00261749738829,95.36838637914602,95.88573392883998,111.53900734255747,81.3025830030458,96.1147922481699,101.90423889925057,104.49218721285034,94.90193306809117,100.34441011705842,Pattern E
75.1167264658701,93.41751587666151,104.53508712554468,90.1770596574532,100.58984221589597,104.46872500802698,96.57450799142235,101.70463770996571,90.37267434715388,97.93388720303953,Pattern A
106.10216169589222,101.56972960968434,94.13468730436064,102.24216404290793,107.14609790636618,79.50058721422522,111.59074064955898,96.63745261318928,104.2548993324023,111.97246923645228,Pattern E
86.28326302769534,92.90558997572454,97.11451304124296,92.16246478875571,117.34936575836808,91.43227906173207,94.44453220513134,102.04389031602977,87.97850473923911,96.04319288243737,Pattern B
103.17453261250175,96.67139595617489,99.06613141100051,94.70667887551629,84.85529690819233,103.21593211339238,117.54933071647241,100.18401630783438,102.25264117247549,106.9272275511686,Pattern E
87.306695034533,117.02514658129606,102.02328796422802,116.3185689908911,92.66967004476011,118.18061922557825,107.75155494034783,105.53040085852358,102.34024454353148,97.5147138192555,Pattern C
112.00531658473872,101.40359869848047,80.32930296412847,88.82813538292997,98.14154247807252,103.09998983165555,99.43411511100105,112.18970789793663,80.48898135961375,101.4358793650516,Pattern A
81.82020774612846,107.59712295484168,99.05541285557997,104.19609972024118,91.36117039410234,112.7946493165775,110.41724664058852,105.83544303011888,98.7048275313656,105.79857285295132,Pattern C
92.93107432012651,108.55555659020712,116.4948089432392,110.70610559979187,92.70397530192591,103.61417317273103,87.06858456241352,105.72390311175675,104.50603412862539,81.30183660467836,Pattern C
88.38216156087637,97.16861103256232,96.99140252859173,87.90523064581194,103.88978729352183,102.51473608940512,98.0573086802148,92.44208499841638,110.48707126416564,116.55407113088296,Pattern A
95.16438516153463,93.8783308284518,104.91207665411996,96.41970620253014,98.60602799336766,107.39653151724671,80.90643912492708,113.1830232485267,100.72680524329341,95.8850685543782,Pattern C
99.1076584577855,99.62429355020518,82.68798696555075,114.94938227453235,100.41325632270619,104.43002130447375,109.51549770574043,89.788375424397,104.73471899035229,97.32358909101207,Pattern D
108.46770775216494,78.72772579648505,99.00905699758731,93.97179344216039,104.32262950634156,104.70044187368202,92.92374105177974,92.87826135823957,98.89334631442671,91.03357772684792,Pattern D
108.41983695452127,96.30792799552555,70.93011780678358,96.25177943378193,89.61456179156028,83.68724184539055,87.62573361777427,101.0940847183297,113.28640828248231,103.1318447386498,Pattern D
93.9349661178426,104.55904195170703,95.40909689781009,93.05399630836855,88.45637331767016,82.48171193248281,96.10076293440555,101.58053489920133,99.0337632998511,95.84033072052641,Pattern E
90.54253939303219,106.08246191684968,86.82868080053416,107.76027913843475,89.97782981073276,92.47564762646965,85.33214809384323,94.98597853114363,109.75312458477978,105.15628088443957,Pattern C
109.78422112028035,105.22142545933936,88.96330171469631,96.69210775672443,92.19800870882537,113.3057490403904,88.03211353573688,108.93697689389111,108.9295387010877,118.29620201716088,Pattern A
95.90313407370503,107.12322159580162,122.81651836538842,93.82358323066303,84.64959752467641,81.19989966092237,107.12712028861331,81.16849791941416,96.27680947062078,104.37313187038961,Pattern A
101.85175536829914,104.25444864184172,102.22289855800854,112.78865813313394,90.47683619261203,93.23004861541469,92.27340554729176,108.3019181186261,109.00398588395063,104.51225319318507,Pattern E
111.83493666889927,88.2195913262362,116.67224111551137,115.23238621712258,107.35621997245747,117.8179890877106,83.43376792322226,94.75551863737348,92.64696539318048,107.21479323757343,Pattern A
89.49859260397855,107.57495149337485,113.70536143996713,106.95202900084,102.83751023661502,90.1212665909925,91.53149033874635,112.49618905296667,107.79349003905332,99.60980480622456,Pattern D
95.8209045423411,79.74192126888623,89.29147581315561,119.11419087139723,87.19544428997533,101.8947982122108,110.07443973195198,87.45077331997707,101.84710474781083,109.37915537510655,Pattern C
100.12499321907251,128.6840305566677,83.31400741121804,110.5872852988388,98.27198262603535,107.71920154836675,104.41307151699246,92.66843802890003,102.28996392459341,81.42098548601713,Pattern A
106.03247500571393,102.98158465990525,106.38660168643102,110.5811832508715,103.67619840209711,101.48089419798276,91.18931663338708,92.87779236350949,111.86734620177332,114.36335405705978,Pattern A
97.61889563687946,100.46002747253274,90.95385625006234,111.72756845267445,106.65416823691778,119.4121743646375,91.21676922820261,96.21992100981782,102.31445922525572,106.4648953772577,Pattern B
97.84332362452368,91.270389095463,108.81407528923572,107.21135362545581,90.83725899436276,113.55442801105495,111.70198709196603,101.34296497247793,100.79597862376036,105.54057771115907,Pattern B
91.38296929743741,100.30031479164082,78.4761645539082,108.76455645502935,84.3850677755814,115.03419828428999,96.6987990603355,97.88333018068823,93.72266093915495,97.11961126077924,Pattern B
114.18531345148037,75.1219134346492,112.76965386088187,103.38023481101708,87.92978352142785,89.24687606950762,116.76393027208204,90.54493120057269,88.46649489404041,111.37314542364729,Pattern C
103.38552876285914,90.620744234636,102.16624975404619,89.74247316359723,111.00821398422605,110.61370964873133,105.32006198821944,103.61661061247017,117.61188124867374,99.99686327388225,Pattern D
88.181258745792,104.49473912832306,120.86047049537115,89.85240506814148,96.38537233306015,104.16446038101452,99.4609515099426,90.17696419622686,111.21857856230471,123.2004072201726,Pattern D
101.96131459023907,90.95931710264,84.51039474946525,102.5797598122118,111.03877343316258,104.75167746495381,99.97596159081147,94.10728348210694,89.07836367281911,108.34751326324883,Pattern D
109.13771621385585,84.54270213309266,115.89838978180684,105.74071220894001,113.99594645145794,86.57872251514885,86.34175844584561,98.51030690232703,105.02784426895194,117.96360822926964,Pattern C
107.06078913815132,97.57318723187967,89.73630792334107,112.3000057271915,90.35294574249285,116.28468554772321,97.1561535039349,115.9058207261785,106.78931290059279,98.63004510557542,Pattern C
94.80603628173873,96.59092122653921,104.28316692375238,100.77156496217717,94.06188591931294,98.34368589682367,100.7857702971915,78.71265905585187,104.58168114788698,90.20278775283194,Pattern B
88.46667596794255,83.1265565288929,82.0610750213211,86.44552496887711,92.9097904236951,119.53259137526568,94.74120324104796,101.77750106268032,104.00481386506328,101.3106518621585,Pattern A
99.22556539274007,88.04706236400756,114.50927548279212,118.07196643637886,83.17341305877315,89.7597140911362,97.20189657622994,90.35462205089809,105.05965553455866,92.71727797593387,Pattern E
121.65056067806603,111.90548594343596,102.12574030632214,110.26986263319732,111.05900424357309,94.36052511941757,91.83782755458036,100.78143062969647,108.61636124497944,101.39060398653417,Pattern E
84.23003517809002,91.97175556049157,99.26027136405622,99.2433439567417,119.72542176789808,86.14012057601002,105.05589241835875,114.8911310832829,122.71449745422797,95.95602576816039,Pattern A
104.914294527202,105.69760357198646,101.9548173155329,99.01154798760695,104.35975389500047,74.67753914780315,106.82069490062631,101.26177903661967,97.77525103221734,120.46862195719558,Pattern B
93.25065981209448,95.9692401093497,119.91553302204734,91.67938695150143,94.4988471706346,98.5297457656915,108.4073448212955,102.07802507353314,87.07374652847737,94.67831436872811,Pattern A
93.92645566787789,99.22778954776955,104.25843658629829,104.18205755887972,82.23988245951598,110.63940987560856,102.52568845996623,113.84532047593906,104.44198327290673,111.01322957735762,Pattern A
104.66545311450128,113.46225756202747,105.22250636017779,99.02084753557097,122.72434720446881,108.89037122279892,105.73744421004413,87.23695583461664,87.11692382536462,102.92715482141854,Pattern E
101.45521197768241,93.85877434991684,101.4098269961206,115.88626928043595,106.95402474550299,88.58991490247261,98.88491172857056,91.9503351914744,96.12300083591438,95.86384334370358,Pattern B
95.22354417395995,87.44864628026605,98.7234531848181,94.3939236315269,70.70551309997732,120.52972024501663,110.88769654216672,96.23699275075003,100.18819049740598,88.28345652682438,Pattern C
116.95722877810866,118.97288694773111,101.56693728246525,110.23530644185345,101.75286778933923,86.6327456112407,95.88176631036343,101.31927966771957,95.45452281256556,97.81346722564965,Pattern E
99.08600442490885,99.19121502134539,100.52258490497483,89.39394933603398,92.82983850872064,87.1541573430003,109.778155496862,78.94353058159675,111.53590343316925,113.86349397262843,Pattern C
96.97819413017379,73.96862912172702,96.38689438032709,99.35815838711181,89.89401780071087,94.84781606191757,115.30195198863352,106.64927162301741,90.754358856219,84.02400830404568,Pattern B
96.72982682390229,97.86543220649561,104.96199187363317,94.64683287432341,105.11499575361862,119.35154040060229,108.15501022444262,99.51911492669227,98.16849528946705,96.43326865820129,Pattern A
111.80640912452145,93.72686554048697,100.45222708999982,100.51197901881085,94.98215807188468,86.27534452115898,103.22974503617668,99.38996028144616,105.0024046943657,94.66399693560834,Pattern D
112.20821298813048,91.23226218788156,117.12040284017893,82.52363490171739,104.3477006455689,104.75430682526624,92.04442932059118,104.24393937861012,112.7951866976016,77.83181160645935,Pattern D
105.02744807490815,75.06729179669922,90.34335196476792,116.29166364900945,94.18217966607946,88.26120035591028,98.02062271015318,120.67906338163553,81.68317752793973,89.48690088360655,Pattern B
114.97431683179626,118.57702343537733,98.96568775709716,87.60947297473358,120.95843501809159,115.94442391749197,106.78946987762232,91.8759765106258,99.50970659161963,98.39639918955169,Pattern D
103.30851304615578,114.51001438131337,108.79417041137403,89.22623923015242,113.76496450019538,103.13132140013155,106.87065795858916,114.66540859278604,88.88419750486449,99.64174421293536,Pattern C
94.68545448640785,84.32140574634545,103.4670997760492,125.11556551584424,81.59922255494247,99.67719388950529,106.40542935074774,101.23078201656182,98.86871947484259,87.00783636554176,Pattern D
102.32786742940164,92.43236022984074,78.10078295021447,111.94592220513731,109.58385819842043,100.5166097685108,102.29074688205702,110.74318012715561,102.24339656778082,109.04017554761315,Pattern B
97.0251779912615,113.11983738573946,103.20785725932684,101.94051943605874,87.29938911287968,102.86955854301709,91.68045082505549,93.61717273471506,91.84624371683879,89.33765068100774,Pattern B
121.24771403016962,113.31339061988403,119.20367502144262,87.77104980444436,100.71253749910892,87.06492374795904,93.04305122802936,90.81873016583425,112.39584006441561,96.0377032189824,Pattern C
110.68379333694017,106.04120889588518,123.03638752104789,85.20555776860276,112.59233239786799,111.46440870400727,90.26621161972966,110.0713333647316,103.36144963026229,97.72523740046593,Pattern D
91.76064513028001,92.80890548550813,120.49812095785926,100.00682818957483,107.82130001531459,92.09100618332447,92.2014705377836,110.81984809249943,86.50423788448468,95.84786232094729,Pattern D
100.34027411072232,101.11372601840053,98.20906714983843,103.95819781095923,106.92855755817811,107.3463754545933,90.14196191332174,97.15844902071203,111.94762861876937,108.94647187573872,Pattern A
86.27140548518936,103.51479900352201,80.2177475062519,100.4693490206037,118.97767016745976,90.52107282731014,91.65676954508417,107.6402978157286,84.57198484790354,93.67244970114962,Pattern E
105.96441137581752,93.65714152310596,97.64030012789028,107.44185710315034,104.21546083536562,102.66818396295402,96.60877720729961,103.70061115268956,98.76267319900244,104.57805609925785,Pattern B
95.03067974882022,98.17431025620459,90.10042207447987,99.64992389993765,91.88999136371154,88.85953549838007,102.58661147855388,102.1273977585766,107.82873734948572,95.68874430424901,Pattern A
104.08052846836756,105.50797572273663,104.44773807831595,91.74346317197858,101.49363482271188,103.64140296054661,100.07178466907942,79.13522341628915,101.6048962397348,122.12531039397243,Pattern B
96.39960731243018,92.7192290214468,103.73348559711398,103.12378210466572,111.92735165416414,87.42131844091112,107.31380252574992,105.90422061251464,98.57853463059453,103.3868731792169,Pattern A
110.29457481598357,108.7231538002845,88.56980687926271,108.20158186755485,99.35311394967482,100.72874098015515,100.73196991001694,98.4975701120174,111.91707497107065,99.16282040150789,Pattern E
88.80453871616831,96.06470144030271,101.78694716810476,112.29214784297051,106.03094684948833,91.49464721252956,124.85189916678891,102.6477531097798,112.75390737999015,98.48285566422771,Pattern A
105.3335924470545,108.39468504518405,112.18194711754256,110.57368305378225,108.72197000072978,96.84913268805892,94.28253958043939,103.32607510324198,109.33128072341069,97.77279299223393,Pattern B
110.65171965714387,114.52616745486179,90.8367908092658,91.6307929620372,98.59624941094664,103.07612668189196,94.75432986232948,113.52202678867144,104.24066861518452,100.3944704824074,Pattern D
85.64090476131473,86.84184183572492,102.81009250281807,78.67404373845164,110.12637409644071,98.4184615562768,132.43092969594733,123.07916250616111,98.18550930752484,98.93662997468685,Pattern B
109.95581514002029,117.03172609918037,83.61970942563983,82.13624534645314,93.77965194445619,105.82737583173865,104.96873590507597,110.69771454983851,88.00302471634691,76.83856137031123,Pattern C
108.58014195302145,91.71803727034765,79.81512135611362,101.45063745959382,107.93175688218678,98.77942867878723,95.42151613817511,98.40637767854093,96.29417237599218,86.51952888059833,Pattern C
92.85319323009568,105.21279905013814,103.216785413765,101.6805980596682,90.0485151814662,98.18496837864333,78.22934953557146,101.7847666388539,114.28857707813567,85.25867867957894,Pattern C
94.14072326682245,103.2910677871013,112.52842634427483,95.51775383699851,93.07749670734104,80.31076857583918,101.03438129308107,120.42076040143743,102.77358461964675,99.77721020816287,Pattern C
103.22082310766986,99.88907996051398,91.8698562773987,108.23279915677705,102.25761523111754,100.17613251933658,90.2463397272175,113.03507931934759,106.6470274533311,94.47079162632699,Pattern E
110.01824853681937,95.02429161614793,92.17996507488964,92.40296882519714,82.28931446911909,104.71542380418205,81.6885512166165,87.71556168734237,79.24411990921467,99.13930307209107,Pattern D
98.49679539728128,96.73303786813636,89.57422305329423,88.2776624656336,104.64369863546574,94.49448068291512,103.16358321536144,91.14751313875777,101.81062742771083,113.03278037316063,Pattern D
105.86165800392783,95.8758618178352,102.57198970355927,97.59334825469787,100.07880184694729,96.74388947851496,98.3566479411461,102.12093353074175,90.06641300418049,89.84121173010021,Pattern B
86.1145744616879,83.9972889549629,87.82717307779521,101.5946250680413,91.07212484508116,105.13614464231097,100.34713748752561,80.31495786561946,106.5497558422169,108.1079864559171,Pattern A
90.06137325165147,104.20191542894992,91.43501762590802,100.97670376748336,87.35501593045035,82.06893547465424,96.17182810387031,98.76271053725164,96.02320306385396,88.1596944177744,Pattern B
96.00100937868864,102.69294752580734,99.55106969877463,101.82501030599214,93.29884799545768,111.7171791471616,88.23826663445219,104.87560297086719,111.81891092959961,104.80908092748895,Pattern B
97.9747577293517,94.71702953337021,110.36087651046256,85.77025074738327,90.29875739620357,96.02442234508278,112.37653757511998,103.79767636040896,90.31954241489754,96.89692294615097,Pattern B
93.85676855903705,92.90211007766464,109.78889558556779,86.28256870736494,116.08780855734373,108.28229690184622,110.90861670603698,95.37060487974742,98.50059280920891,85.66848185475288,Pattern B
94.75337592933197,104.93654847643151,112.96063061781396,88.92843183197549,96.34494063014733,98.48700779767478,86.04210797807515,105.913492417584,92.7600966825739,98.04609648822976,Pattern D
95.48050628088123,92.10661494280326,99.92955014519445,97.84390421431978,96.28142117721335,92.71538378319657,103.19524670782955,116.53617268492285,101.39887232839128,109.9611821491113,Pattern A
86.09778074846537,101.57761439293769,89.02631681028933,85.23075072468099,92.60628592540964,111.91899334413573,109.50015828669646,102.430047220544,84.6729944011007,98.03719348612063,Pattern B
103.01700008901736,101.75536229578599,81.56206416519254,91.09682151980128,99.35922235851284,105.3629090951719,78.03872178900053,98.37876024520142,101.43048769878952,108.49611988516213,Pattern D
106.92857584237437,105.82571318808806,92.00059493298066,80.91997862876693,96.069472429386,110.0163182520856,113.93454527524432,107.10549102297786,104.29340822801734,103.79639648385965,Pattern B
94.43881253239219,98.6993970644638,116.6906952582633,90.57441994208124,116.14778790709852,96.77971845507942,113.25432109095078,85.93184990502462,105.8590420116465,92.63229864052379,Pattern C
85.84732808075813,102.18534042410946,110.09471788595968,91.55058561406504,85.00984039541599,99.08155235665045,99.12564671222819,105.48319627554498,109.49594571364489,99.40584818727505,Pattern B
118.55503314794262,102.24234744535292,96.535734939931,83.88432640897172,97.37340479683833,96.63613054588863,109.6030479628147,104.62483624066854,88.20630878367383,101.72254386411038,Pattern B
106.71531171729053,115.28031359387833,108.8750396741406,107.60846654311477,100.60085994615163,103.8831200542345,112.49504900706158,86.6722260252035,96.50560672783044,92.27431251243759,Pattern E
103.79153118726124,112.30222175650788,94.03025713278926,76.09695632530563,95.8777925497553,109.13473732017407,105.3762990294988,104.28186247810577,97.2000669812552,87.20969263780214,Pattern C
105.15294321624468,91.65718189965375,121.84096733380457,105.70507208354516,94.1935169744605,93.88614752611372,99.07055793386412,97.60498077978251,111.16833775529955,101.86416169744047,Pattern A
92.68368261091472,118.90440685155782,100.49308331520223,107.68839675968897,93.91773492555241,103.63115627744523,103.11109991143195,81.10350707903848,120.15275110460641,112.90644460922547,Pattern B
96.02804683854012,88.97730259544144,103.47561613803552,100.86697699414397,103.55668948563229,101.9157739619409,105.06240989305925,114.47305699391806,105.68103205128646,89.50344501090059,Pattern A
113.62562852712452,116.40614563488288,131.52056734512084,88.76505966760402,102.42882013150275,79.17901296811013,105.53149156379209,94.51799701833227,119.23445794824953,92.25385029981418,Pattern C
83.10816962032739,95.2873625929748,80.24512228782862,107.5109945450731,79.3491695374368,100.28457581183159,79.22188180143803,96.79702195463358,116.43378155804534,103.60647891435795,Pattern B
91.36506395035066,99.68796511060916,100.18016872044447,104.72630345843406,86.33141636719174,105.92567273847331,72.95608368397225,93.70115447636189,95.11726157548455,106.33326826071239,Pattern E
100.22630852676869,85.94436946143713,90.15006874182984,101.98680009547407,99.20932658135443,94.20875890364253,95.19166210488021,106.96167997159289,94.82307427130786,99.11908755970927,Pattern D
121.69936588080543,85.76317363116077,81.48157268425342,107.83589664798606,93.21356938705897,96.8176247225738,92.18843621868886,97.40199859232487,115.98538112096341,108.0212845861812,Pattern E
108.62223511886977,85.83772944207354,88.4884626344713,71.60921340514574,91.90619178917245,109.56703186385658,105.16946515748371,97.78486737047876,99.77699716281947,93.11114457424594,Pattern E
102.04758882401784,107.65878279480614,83.84113212589527,102.99647687837349,109.32434870954667,95.8489971103663,107.00700612120583,128.14654444472552,98.95657207013107,103.93307050005323,Pattern D
92.61942916338609,101.81251162602051,104.60271624982303,101.94842340270138,89.80304680291144,102.0636177132545,114.62195938717636,104.48635764514528,109.61987189071841,97.62988029987372,Pattern D
107.49900239423711,102.79267838216526,90.49089270312768,103.18521004798875,90.08303336559689,93.67119725115208,101.89328307292374,102.97244273380124,88.10767534922871,110.53985771182876,Pattern D
105.72006278300474,92.95271564389117,84.62415203550825,98.55095420918569,95.5405628613884,101.13140457053022,96.36883338844433,79.92543139254991,96.11653061698841,96.94380888931687,Pattern B
106.3366102477406,93.0180032538895,116.78674673372566,80.88359449348243,113.11167497802624,97.75681029121895,108.59584872343557,100.79801484058733,111.39555536025469,96.12638035447189,Pattern A
89.01379574822188,114.20504287271064,98.86519354117858,102.2155847362421,112.34751914044796,89.68044757905565,105.95490897639257,94.10105243537109,98.67830644355628,100.7227896538429,Pattern A
84.99778138553064,92.21162957179565,113.5107289241314,108.86191188584796,99.37360422672765,102.43123458512893,97.05757494363543,113.56583385827982,97.99647422205837,102.31842092134848,Pattern D
111.46030144142065,92.22628515154094,115.58789184496894,84.69538590256623,116.29642131112799,96.27324416048026,97.57301252174719,81.09989828817058,95.45205282622307,89.60193468973115,Pattern E
93.92353654626527,98.62689034211121,109.57791614472906,102.07603351400626,103.07676653401114,89.04480611154437,91.1924591039727,117.98725018351311,92.64798965236753,116.56208252057296,Pattern C
97.56938801119134,100.02287936143505,110.7036516022993,112.71892421938657,98.89187439720912,96.11756946478461,99.44079551477788,103.37957528232118,108.91303686869756,100.04229858994151,Pattern D
106.18886298023153,116.3835973227094,103.81309612264785,103.11652856004778,84.81089174909933,73.69269863170936,103.88375729230168,99.05175768719128,94.85217325085259,102.43530204186345,Pattern E
99.39596270803092,111.27780250633899,100.86110868258977,92.53076714929833,109.90166238959289,97.82868925053798,105.26536683672308,95.225892938072,93.50173114502563,100.84168230185696,Pattern E
100.12828643543685,104.79827035366833,97.31354246690258,81.63640216229602,95.67226116411611,107.93818467143815,97.02623920756893,97.53616597485453,109.86376505905938,92.88026772741077,Pattern B
84.57196781757101,98.39368880474505,95.15826048751263,90.33753680246745,98.24621544101309,104.91505647246784,99.90711438432184,103.06981072686237,118.13407698515422,96.57121138442436,Pattern B
102.7834863464467,94.90786637400865,91.53640280113027,94.1509234658223,95.21241428478311,103.59475797547125,123.49075786700757,92.83956563724159,95.83374694384537,99.36876986888751,Pattern A
103.95798848709747,102.63550811954785,112.84095793948117,75.73607929464792,76.13070129804328,95.0412182798985,110.97300187543709,84.34351968394404,69.92367660306243,105.71179406219208,Pattern A
102.43657223702715,89.0979159320057,90.1446039927907,90.30256280365326,101.1053531747394,93.73684723816993,104.9406391897552,71.45373337095609,91.431481348722,88.73946039088949,Pattern C
97.43659321627507,94.61952241509861,107.97843779895767,81.40663228339943,100.45491476330751,105.58336423211705,118.56647436561954,95.18234028906525,103.24458604352517,81.96137207437636,Pattern C
76.08043795686976,108.447743757817,99.94439706351929,111.78512689798423,86.2659711103025,105.19902139528753,118.68817840543853,104.19705608357266,102.7658150559105,100.0855608082435,Pattern C
84.29118542874087,113.55572935710347,93.89142360194934,105.04483256383017,84.36965693428746,88.2054033549222,114.35087399222235,96.52697711042157,114.53275476042545,99.21769340941482,Pattern C
81.58102227042143,108.9206759973172,94.10107682244393,106.98688813517043,100.25210867540082,84.5688177205713,101.64294765370569,121.96223142152799,104.9298645851446,99.42482246994537,Pattern E
110.75343401956897,102.1066846520311,102.09534230262794,89.08374827840898,102.33848025789598,110.35443416416945,91.63937847899976,114.24495821246947,99.08293975854875,91.12230488461459,Pattern E
109.97632076920245,97.13205764261731,107.59514887486108,97.08241367741462,99.40173856470096,104.93560204334291,102.90897057590006,80.04468219548261,88.78756259905609,109.29409984790816,Pattern A
98.67863411098453,94.76268697228578,86.41425984742526,89.20263678724152,79.78201360038052,98.98719281298467,94.01562419418953,90.33412109014685,99.31876574832047,103.63970630852738,Pattern B
120.93197932209945,84.88116580436787,111.59381043300522,109.73101561015072,92.209072606233,102.03235954586032,95.42366750662384,101.85688580418739,115.0913101340455,106.05606232631312,Pattern B
105.08608373233442,95.69690680045358,85.15943335075664,97.91531789459592,112.06608154863915,84.72832143410352,89.44910631823305,101.26267736234068,90.15345215152738,92.07476552884788,Pattern D
95.76401418271823,86.3438259580985,90.25878153783631,107.03427916787308,86.92630217769036,84.02127865505162,93.69975020466106,107.31955502509845,98.0307819200311,95.35418921884381,Pattern E
100.44358797515608,82.54292567140348,104.94705653775033,103.83435031403644,95.90691525904279,110.05924511796417,88.72503901046962,111.2790899325357,101.54493665595251,96.63447410121826,Pattern C
99.80126364631688,98.92735234189058,112.20282896417717,89.23320872528987,92.37480760853401,110.3630289207248,94.04465064816141,109.00533077331592,116.99435983008709,95.98204973058367,Pattern C
106.81362326575305,88.46307718660141,107.54733298067809,101.99423985986768,104.73038282160215,93.54427927964605,83.38916584432828,105.03252064749505,79.36596847520545,96.82649507757465,Pattern D
109.4118186641997,101.91897735873036,119.48342644789813,110.25109152581774,93.46101611674423,100.27313379851438,99.52629297455564,84.17823236653872,90.59601083515646,94.3923909302014,Pattern B
79.63779497144063,100.47493468251643,97.50928155346959,83.27106098688427,104.04212865277331,107.1587274469096,102.27034478864888,96.7593182479103,105.91442151751855,106.80220360476692,Pattern C
103.07403569719689,91.75387749565239,102.7660076551118,111.95480650825479,94.0337094138827,120.97939339132431,94.74369066014616,100.32407013340136,93.27514403993663,102.2327083592026,Pattern B
82.57778307364725,94.53958201183279,89.07878799651434,101.35338347892291,109.94447375508908,106.46006187114551,76.28340639141108,120.4206965292788,102.95279940620868,92.23500859507,Pattern D
101.5712791899094,101.76189822502693,93.33151283048436,101.97916667342075,93.92527712379693,95.95638007309978,93.13720864244915,85.67328710260347,101.45836470215384,105.85299436516338,Pattern B
105.14883596076372,108.19925252635234,103.24340210014869,94.67274501783096,108.39663864431189,86.42482460158065,90.9932861748752,90.35799928576755,110.80056059139311,109.42788514140075,Pattern B
104.87305237044995,110.71929865211797,91.20717217588012,103.4859511986098,98.74825571616836,108.46882103884914,98.84775767447802,96.15057111589918,105.4090851856099,108.76169167191233,Pattern B
93.31654805153198,99.38924328647624,89.41559366358348,75.0193898250706,102.00459631413729,106.08905356254633,102.62066809086726,80.50438282245634,96.49150569923525,77.81652239948919,Pattern C
113.69701107654186,89.13945417881914,112.55403609459896,109.45869643684145,90.99409647463938,88.67215048732255,103.50370216386338,91.55675962816929,101.02484642158207,95.17172409193081,Pattern A
82.18841585534366,77.69531980875541,102.26684248494597,94.38442253669375,94.46910183085868,106.95863839093785,111.73442276632444,97.2745527863819,96.59401293090139,105.00143033113883,Pattern E
86.43064430300424,102.23153054747696,105.51885971822153,106.80230208417629,80.63247297497534,92.3864473019106,91.21736747176533,100.99886954409213,104.80744579767983,114.96710407445981,Pattern B
95.05034519631927,95.02427501690786,111.49672018878746,102.96576938530305,112.67651511187974,102.88728003009837,88.4288338128673,86.66871645222193,84.48487750941071,106.62051834758473,Pattern B
111.88596823087008,118.4936214138638,108.4310533232324,111.62838577534986,94.19983667346315,88.43584183256144,108.50079332417553,104.176807522394,101.07444374340892,103.8737148063299,Pattern B
103.23185482458206,112.83816859853562,112.94985584816956,105.44220352340346,108.45802872562928,105.14062552424775,95.3883026796538,107.5656467491314,86.05504931140739,110.53891552295883,Pattern A
88.05477060233964,102.85803286794733,91.54846041573842,105.53388983074427,99.66074774072091,84.05244041836667,104.20699631018479,94.22079223167289,108.81146720813369,100.01325688734407,Pattern D
103.95420985388039,90.42431044984788,94.10667768572638,95.41361363898915,108.56702480242555,116.77377087805489,91.94828248257124,110.7684814465768,78.30322582274297,88.0581059890771,Pattern C
90.41221543813225,86.47491310559278,84.1641161021242,104.12998912137797,97.85932302272138,103.7940539760511,106.90472686121512,102.65616993172533,106.57763176150374,99.3046771375773,Pattern A
88.13006611694256,110.57814180820796,94.10887867218872,90.64403701237575,98.22082124195602,90.87189080703487,95.82569618010568,103.44053921563466,103.48341739246126,91.0216993357437,Pattern B
95.12294627051256,110.74333004770244,104.96400117733941,120.75065039348542,111.80128173741528,111.44293068559939,86.12131449544198,107.63860351633423,99.4689319830309,94.4901819646175,Pattern A
101.68015340532529,109.45211534611484,105.00831591004211,91.2152619865794,107.4245891359262,93.62412457924036,102.16683118964286,96.96649932522865,97.81133748264374,107.6624297504051,Pattern A
89.59806280184102,119.45195074276933,81.78913930705504,94.02332316745142,103.70211889941741,105.8431416643531,98.99524279428294,99.42609296998458,104.10550085327617,97.6893052254232,Pattern A
113.93181257934906,108.39349114231602,108.72824351005634,90.33843276629582,99.20611575594297,96.99534051279296,89.94398624310534,103.60164183945767,94.62354242220184,106.55403829850238,Pattern D
89.29808437105669,117.1904061284182,91.03667341407939,102.19302337200436,107.91859310388068,94.29359569799887,108.52468643432951,87.70816402199584,114.5211769918256,100.14149264965758,Pattern E
94.0358859203112,97.00818227572566,108.08919269392719,94.15544708149562,92.50642310577223,97.78463402416261,88.23037887230032,118.20543907941816,94.33605408785277,108.31616786180403,Pattern C
102.09470083647773,90.15465949518031,99.94045290787271,107.84002779310748,98.11738664913693,111.93112945851028,110.21515392781863,109.1891485465833,95.40343227727003,89.20157552218512,Pattern D
93.86412394637206,101.9624094066672,105.45786713532355,78.28428595239552,99.91886798388249,101.58089225323184,97.22455743684448,112.9127383901588,104.21780074250871,113.10191908080897,Pattern D
97.84039479649768,109.37477492506925,116.35066394527519,113.11693449272661,89.07858406571268,97.46323922457618,96.54835294550203,104.89254535076327,106.86353555014533,91.61107325974264,Pattern E
100.67838513916938,79.80072667843864,114.4194500580189,94.87625759323306,100.55863939844497,96.90350286011939,111.46027575013414,71.62493558602621,99.83389657674091,98.94181242502302,Pattern D
95.46363612408317,117.26226545635632,91.12670541144229,107.71796177235662,103.56252788706084,112.61519252535516,93.32810915222494,92.67031100876241,110.96069907477398,104.2532130833011,Pattern A
84.55062653323242,94.60694985536729,103.86382653848061,108.3776422154659,93.20769346807045,70.85744010183059,105.23223185737034,87.79679310056024,79.82661201877589,71.67674075015859,Pattern A
108.1398086019774,101.28617450404967,97.74343619287748,113.89024362962762,106.37324683023073,116.16300042721917,86.07264527833004,99.65449376046037,83.83286625051986,97.70617668144533,Pattern B
97.51384146233323,106.26613637263071,100.45563881141898,106.23407138279916,107.03440133138895,121.54928677383143,96.84703344713876,90.58977299333621,102.46083615316408,91.97719972860456,Pattern D
114.81960768436537,97.16781961054767,94.3442363212601,95.28684278848883,107.18417423471641,98.42253016768515,93.58333179869618,116.6535191762353,91.4383015933825,100.35566074032994,Pattern B
106.5230615161023,83.68664889582926,104.80260501405925,89.4489232451955,108.22782780834002,90.37348988081024,106.9276903184886,111.05833066294713,108.61436525632806,102.51316648238102,Pattern C
97.686990570703,94.23580423665156,114.71034690817103,93.00504779832357,89.62933926430004,106.6536893503283,92.03863196813505,90.49936502533873,85.56395737830235,95.17090160539482,Pattern A
99.17284976103507,102.43091727660699,109.51306244299484,105.26897923665794,98.0912778044682,98.0180432362028,105.10157468915183,112.7257016292857,101.263141994832,95.3086914578959,Pattern C
90.07133998914455,85.54794735587774,106.66269672043524,105.77978523639557,105.77363525106662,98.71340553647944,114.0693474589175,95.15881505415183,109.55269237207206,99.61257105010456,Pattern E
93.91649235320662,105.92530307317762,104.09636118683994,103.56972759266927,100.812784220562,99.62106918283169,123.88371992870438,111.84256645196173,107.22826894985512,101.11799158203388,Pattern A
110.07157200596669,105.17994776391451,100.26204752774035,96.96435674734084,99.19082662337311,68.29574264121945,102.10600839297642,95.1152391988964,115.92669998282884,100.19344070811755,Pattern C
88.11036580465039,99.50119845871882,89.53878914937496,104.73407415712467,102.90947364339485,109.57839631108267,92.09118208305435,100.34008096228146,86.34978204573365,107.01494781924714,Pattern E
105.18871180440122,104.9580502102757,100.01619031356941,104.14772890788791,116.04339108308596,97.14905742957986,101.38645183710085,89.1387370081859,91.31739038401668,100.97813293093307,Pattern C
111.03933546701907,97.43719175748427,97.64083470687876,95.93114755495625,94.65243329155678,102.94971455708821,85.02742354821356,112.80939576666728,93.34577701870539,107.21903485438142,Pattern E
87.30001402606123,106.68840130546218,106.71944607814497,103.84202072005897,90.05571478200207,102.49548189598077,88.16943815265611,97.47236744903815,110.29413100955325,107.96701927070742,Pattern E
100.15182942540433,90.25193424077158,106.45587712174193,100.19381237698025,76.79684401769578,107.82629826316519,99.75767166130308,112.02451247983072,89.04729481157196,68.23296186804,Pattern A
102.79083858345186,102.91563676681973,83.09328372393549,90.21500454133394,127.55217743719902,96.94389385846196,107.30958976376216,93.49340172631616,79.09697101146844,98.29741753204094,Pattern B
97.34395439713894,96.00121761331629,98.85359164493607,102.64268271645636,98.49883048746193,87.35993832052637,104.86184791561939,80.50628244677577,79.496425427158,107.39180494701569,Pattern E
105.07020272135357,99.42604634925964,86.04551495244928,92.92089059325924,97.37253252313496,84.04106031425887,92.60971341976767,106.5233033817668,114.27305364289217,95.8056524734145,Pattern E
107.56488354316099,80.85939929412532,106.59451241113612,91.9605158527252,103.0734561670797,97.52247581760291,113.20414009783835,91.25564351660081,106.27606297561832,97.20492536703466,Pattern A
98.41694521990337,98.1614610684079,91.54326895505886,99.85901034093328,99.37351777878179,102.41240248406729,100.84505145692863,107.97994549612237,109.23508616047368,89.49376678172199,Pattern B
108.68772500590771,88.13663572890145,105.87855888137734,106.1973878470287,80.88683108337496,100.9297924652941,95.31503886639685,92.41234742064626,113.50852330699006,93.46320859362581,Pattern D
91.9362307088195,100.75694940005093,106.85589746298416,98.58351413989872,111.66370545669253,105.30975661964091,78.2178868026857,94.70533036492992,94.38157900648301,104.79360953429422,Pattern D
73.75182943625887,125.49009708717722,105.3102609489421,101.4887680391769,111.81567716419147,123.43654052812624,108.70746644588404,109.4881309647162,101.30690024464383,98.58474246633051,Pattern B
95.242045559951,91.73888008285458,93.12985900300502,86.49444035657017,99.24128549314976,83.15332422773614,101.90916524143711,99.63669391957659,101.46935298386688,94.77868429980008,Pattern C
130.76860370180503,113.60115900180313,87.55457499915278,102.32868087426898,93.91993857062677,89.85520273292586,86.59927928876066,104.32216690759253,93.18619764930426,109.67826024025204,Pattern A
109.9378221453044,113.7391438521145,91.47613233925897,104.7536561069201,106.32454216642302,95.25821824896035,92.28228042607125,116.09520665775973,102.27495875732053,106.35967750711738,Pattern B
91.77923988172073,87.80715533477806,94.30550225507889,98.75978612610002,89.3577999318265,99.90155191349616,83.114948119315,88.79952577530128,106.70911248276875,106.03790520277894,Pattern D
96.08123234613133,89.82235690923046,89.72596448473989,96.26731754058686,106.44518491645292,109.28245691344324,95.03468264518031,88.46507574015216,102.67843637866333,91.76465029374151,Pattern E
94.81747361138798,113.25276090437038,108.27115428565767,101.57974312251451,87.28080998887278,102.11396567470659,110.62657290787527,96.24366334234465,113.51114089986714,112.92745289518207,Pattern D
116.63732832143474,103.05243126531353,105.87391699806012,114.1418728833109,104.47393937068975,94.98765892209788,95.51457163472139,102.38554953773739,87.0943857805378,98.56741084635807,Pattern E
110.96547118230254,78.08746148834719,115.34482101794515,111.22374218703159,95.40235384169523,105.43390827871809,100.03147726906326,112.29990368438683,109.82683142769942,85.99929276816991,Pattern A
105.87262413464177,97.94372146356753,100.828325705181,92.71828099030185,117.48137069120835,110.40061819902576,92.60228836027032,86.65389393089768,96.14327369022152,104.34502646091306,Pattern E
102.40205843946222,112.53132824768244,107.89919722180852,109.69569025752907,103.26855400610437,86.1070126978901,98.04301468853099,110.60089739908665,99.48477071475354,105.03090368623747,Pattern B
96.81251684753867,89.70188151458154,98.76655935953889,103.09047443032654,93.44312280538557,97.64288755143332,90.60536758014017,111.19244917564096,97.05544242411966,114.52755545126183,Pattern E
115.28747850540908,99.18954035278256,89.9155126745265,79.14102122266662,85.27962926973208,86.2616517510134,113.78469627461504,101.15824587226946,103.89604524091988,77.79578991064874,Pattern C
88.02033570782739,108.87079776446286,102.86774112382587,98.52794721314403,105.64842358600123,116.35797806135815,97.7895753646295,100.69369802658069,101.92596918731306,123.92109635273992,Pattern B
79.00643735580974,106.83223014788808,98.85197751240936,105.6677172618418,93.42627446005275,99.5103496914155,107.11410579465495,131.1291020104384,108.08036189402071,91.51934401969491,Pattern A
